date,total_cases,new_cases,total_deaths,new_deaths,people_vaccinated,population,casos_100mil,mortes_100mil
2020-01-05,0,0,0,0,,215313504,0,0
2020-01-06,0,0,0,0,,215313504,0,0
2020-01-07,0,0,0,0,,215313504,0,0
2020-01-08,0,0,0,0,,215313504,0,0
2020-01-09,0,0,0,0,,215313504,0,0
2020-01-10,0,0,0,0,,215313504,0,0
2020-01-11,0,0,0,0,,215313504,0,0
2020-01-12,0,0,0,0,,215313504,0,0
2020-01-13,0,0,0,0,,215313504,0,0
2020-01-14,0,0,0,0,,215313504,0,0
2020-01-15,0,0,0,0,,215313504,0,0
2020-01-16,0,0,0,0,,215313504,0,0
2020-01-17,0,0,0,0,,215313504,0,0
2020-01-18,0,0,0,0,,215313504,0,0
2020-01-19,0,0,0,0,,215313504,0,0
2020-01-20,0,0,0,0,,215313504,0,0
2020-01-21,0,0,0,0,,215313504,0,0
2020-01-22,0,0,0,0,,215313504,0,0
2020-01-23,0,0,0,0,,215313504,0,0
2020-01-24,0,0,0,0,,215313504,0,0
2020-01-25,0,0,0,0,,215313504,0,0
2020-01-26,0,0,0,0,,215313504,0,0
2020-01-27,0,0,0,0,,215313504,0,0
2020-01-28,0,0,0,0,,215313504,0,0
2020-01-29,0,0,0,0,,215313504,0,0
2020-01-30,0,0,0,0,,215313504,0,0
2020-01-31,0,0,0,0,,215313504,0,0
2020-02-01,0,0,0,0,,215313504,0,0
2020-02-02,0,0,0,0,,215313504,0,0
2020-02-03,0,0,0,0,,215313504,0,0
2020-02-04,0,0,0,0,,215313504,0,0
2020-02-05,0,0,0,0,,215313504,0,0
2020-02-06,0,0,0,0,,215313504,0,0
2020-02-07,0,0,0,0,,215313504,0,0
2020-02-08,0,0,0,0,,215313504,0,0
2020-02-09,0,0,0,0,,215313504,0,0
2020-02-10,0,0,0,0,,215313504,0,0
2020-02-11,0,0,0,0,,215313504,0,0
2020-02-12,0,0,0,0,,215313504,0,0
2020-02-13,0,0,0,0,,215313504,0,0
2020-02-14,0,0,0,0,,215313504,0,0
2020-02-15,0,0,0,0,,215313504,0,0
2020-02-16,0,0,0,0,,215313504,0,0
2020-02-17,0,0,0,0,,215313504,0,0
2020-02-18,0,0,0,0,,215313504,0,0
2020-02-19,0,0,0,0,,215313504,0,0
2020-02-20,0,0,0,0,,215313504,0,0
2020-02-21,0,0,0,0,,215313504,0,0
2020-02-22,0,0,0,0,,215313504,0,0
2020-02-23,0,0,0,0,,215313504,0,0
2020-02-24,0,0,0,0,,215313504,0,0
2020-02-25,0,0,0,0,,215313504,0,0
2020-02-26,0,0,0,0,,215313504,0,0
2020-02-27,0,0,0,0,,215313504,0,0
2020-02-28,0,0,0,0,,215313504,0,0
2020-02-29,0,0,0,0,,215313504,0,0
2020-03-01,1,1,0,0,,215313504,0.0004644390535,0
2020-03-02,1,0,0,0,,215313504,0.0004644390535,0
2020-03-03,1,0,0,0,,215313504,0.0004644390535,0
2020-03-04,1,0,0,0,,215313504,0.0004644390535,0
2020-03-05,1,0,0,0,,215313504,0.0004644390535,0
2020-03-06,1,0,0,0,,215313504,0.0004644390535,0
2020-03-07,1,0,0,0,,215313504,0.0004644390535,0
2020-03-08,13,12,0,0,,215313504,0.006037707695,0
2020-03-09,13,0,0,0,,215313504,0.006037707695,0
2020-03-10,13,0,0,0,,215313504,0.006037707695,0
2020-03-11,13,0,0,0,,215313504,0.006037707695,0
2020-03-12,13,0,0,0,,215313504,0.006037707695,0
2020-03-13,13,0,0,0,,215313504,0.006037707695,0
2020-03-14,13,0,0,0,,215313504,0.006037707695,0
2020-03-15,84,71,0,0,,215313504,0.03901288049,0
2020-03-16,84,0,0,0,,215313504,0.03901288049,0
2020-03-17,84,0,0,0,,215313504,0.03901288049,0
2020-03-18,84,0,0,0,,215313504,0.03901288049,0
2020-03-19,84,0,0,0,,215313504,0.03901288049,0
2020-03-20,84,0,0,0,,215313504,0.03901288049,0
2020-03-21,84,0,0,0,,215313504,0.03901288049,0
2020-03-22,904,820,11,11,,215313504,0.4198529043,0.005108829588
2020-03-23,904,0,11,0,,215313504,0.4198529043,0.005108829588
2020-03-24,904,0,11,0,,215313504,0.4198529043,0.005108829588
2020-03-25,904,0,11,0,,215313504,0.4198529043,0.005108829588
2020-03-26,904,0,11,0,,215313504,0.4198529043,0.005108829588
2020-03-27,904,0,11,0,,215313504,0.4198529043,0.005108829588
2020-03-28,904,0,11,0,,215313504,0.4198529043,0.005108829588
2020-03-29,3417,2513,92,81,,215313504,1.586988246,0.04272839292
2020-03-30,3417,0,92,0,,215313504,1.586988246,0.04272839292
2020-03-31,3417,0,92,0,,215313504,1.586988246,0.04272839292
2020-04-01,3417,0,92,0,,215313504,1.586988246,0.04272839292
2020-04-02,3417,0,92,0,,215313504,1.586988246,0.04272839292
2020-04-03,3417,0,92,0,,215313504,1.586988246,0.04272839292
2020-04-04,3417,0,92,0,,215313504,1.586988246,0.04272839292
2020-04-05,9056,5639,359,267,,215313504,4.205960068,0.1667336202
2020-04-06,9056,0,359,0,,215313504,4.205960068,0.1667336202
2020-04-07,9056,0,359,0,,215313504,4.205960068,0.1667336202
2020-04-08,9056,0,359,0,,215313504,4.205960068,0.1667336202
2020-04-09,9056,0,359,0,,215313504,4.205960068,0.1667336202
2020-04-10,9056,0,359,0,,215313504,4.205960068,0.1667336202
2020-04-11,9056,0,359,0,,215313504,4.205960068,0.1667336202
2020-04-12,19638,10582,1056,697,,215313504,9.120654132,0.4904476405
2020-04-13,19638,0,1056,0,,215313504,9.120654132,0.4904476405
2020-04-14,19638,0,1056,0,,215313504,9.120654132,0.4904476405
2020-04-15,19638,0,1056,0,,215313504,9.120654132,0.4904476405
2020-04-16,19638,0,1056,0,,215313504,9.120654132,0.4904476405
2020-04-17,19638,0,1056,0,,215313504,9.120654132,0.4904476405
2020-04-18,19638,0,1056,0,,215313504,9.120654132,0.4904476405
2020-04-19,33682,14044,2141,1085,,215313504,15.6432362,0.9943640135
2020-04-20,33682,0,2141,0,,215313504,15.6432362,0.9943640135
2020-04-21,33682,0,2141,0,,215313504,15.6432362,0.9943640135
2020-04-22,33682,0,2141,0,,215313504,15.6432362,0.9943640135
2020-04-23,33682,0,2141,0,,215313504,15.6432362,0.9943640135
2020-04-24,33682,0,2141,0,,215313504,15.6432362,0.9943640135
2020-04-25,33682,0,2141,0,,215313504,15.6432362,0.9943640135
2020-04-26,52995,19313,3670,1529,,215313504,24.61294764,1.704491326
2020-04-27,52995,0,3670,0,,215313504,24.61294764,1.704491326
2020-04-28,52995,0,3670,0,,215313504,24.61294764,1.704491326
2020-04-29,52995,0,3670,0,,215313504,24.61294764,1.704491326
2020-04-30,52995,0,3670,0,,215313504,24.61294764,1.704491326
2020-05-01,52995,0,3670,0,,215313504,24.61294764,1.704491326
2020-05-02,52995,0,3670,0,,215313504,24.61294764,1.704491326
2020-05-03,91589,38594,6329,2659,,215313504,42.53750847,2.939434769
2020-05-04,91589,0,6329,0,,215313504,42.53750847,2.939434769
2020-05-05,91589,0,6329,0,,215313504,42.53750847,2.939434769
2020-05-06,91589,0,6329,0,,215313504,42.53750847,2.939434769
2020-05-07,91589,0,6329,0,,215313504,42.53750847,2.939434769
2020-05-08,91589,0,6329,0,,215313504,42.53750847,2.939434769
2020-05-09,91589,0,6329,0,,215313504,42.53750847,2.939434769
2020-05-10,145328,53739,9897,3568,,215313504,67.49599876,4.596553312
2020-05-11,145328,0,9897,0,,215313504,67.49599876,4.596553312
2020-05-12,145328,0,9897,0,,215313504,67.49599876,4.596553312
2020-05-13,145328,0,9897,0,,215313504,67.49599876,4.596553312
2020-05-14,145328,0,9897,0,,215313504,67.49599876,4.596553312
2020-05-15,145328,0,9897,0,,215313504,67.49599876,4.596553312
2020-05-16,145328,0,9897,0,,215313504,67.49599876,4.596553312
2020-05-17,218223,72895,14817,4920,,215313504,101.3512836,6.881593455
2020-05-18,218223,0,14817,0,,215313504,101.3512836,6.881593455
2020-05-19,218223,0,14817,0,,215313504,101.3512836,6.881593455
2020-05-20,218223,0,14817,0,,215313504,101.3512836,6.881593455
2020-05-21,218223,0,14817,0,,215313504,101.3512836,6.881593455
2020-05-22,218223,0,14817,0,,215313504,101.3512836,6.881593455
2020-05-23,218223,0,14817,0,,215313504,101.3512836,6.881593455
2020-05-24,330890,112667,21048,6231,,215313504,153.6782384,9.775513198
2020-05-25,330890,0,21048,0,,215313504,153.6782384,9.775513198
2020-05-26,330890,0,21048,0,,215313504,153.6782384,9.775513198
2020-05-27,330890,0,21048,0,,215313504,153.6782384,9.775513198
2020-05-28,330890,0,21048,0,,215313504,153.6782384,9.775513198
2020-05-29,330890,0,21048,0,,215313504,153.6782384,9.775513198
2020-05-30,330890,0,21048,0,,215313504,153.6782384,9.775513198
2020-05-31,465166,134276,27878,6830,,215313504,216.0412568,12.94763193
2020-06-01,465166,0,27878,0,,215313504,216.0412568,12.94763193
2020-06-02,465166,0,27878,0,,215313504,216.0412568,12.94763193
2020-06-03,465166,0,27878,0,,215313504,216.0412568,12.94763193
2020-06-04,465166,0,27878,0,,215313504,216.0412568,12.94763193
2020-06-05,465166,0,27878,0,,215313504,216.0412568,12.94763193
2020-06-06,465166,0,27878,0,,215313504,216.0412568,12.94763193
2020-06-07,645771,180605,35026,7148,,215313504,299.921272,16.26744229
2020-06-08,645771,0,35026,0,,215313504,299.921272,16.26744229
2020-06-09,645771,0,35026,0,,215313504,299.921272,16.26744229
2020-06-10,645771,0,35026,0,,215313504,299.921272,16.26744229
2020-06-11,645771,0,35026,0,,215313504,299.921272,16.26744229
2020-06-12,645771,0,35026,0,,215313504,299.921272,16.26744229
2020-06-13,645771,0,35026,0,,215313504,299.921272,16.26744229
2020-06-14,828810,183039,41828,6802,,215313504,384.9317319,19.42655673
2020-06-15,828810,0,41828,0,,215313504,384.9317319,19.42655673
2020-06-16,828810,0,41828,0,,215313504,384.9317319,19.42655673
2020-06-17,828810,0,41828,0,,215313504,384.9317319,19.42655673
2020-06-18,828810,0,41828,0,,215313504,384.9317319,19.42655673
2020-06-19,828810,0,41828,0,,215313504,384.9317319,19.42655673
2020-06-20,828810,0,41828,0,,215313504,384.9317319,19.42655673
2020-06-21,1032913,204103,48954,7126,,215313504,479.7251361,22.73614942
2020-06-22,1032913,0,48954,0,,215313504,479.7251361,22.73614942
2020-06-23,1032913,0,48954,0,,215313504,479.7251361,22.73614942
2020-06-24,1032913,0,48954,0,,215313504,479.7251361,22.73614942
2020-06-25,1032913,0,48954,0,,215313504,479.7251361,22.73614942
2020-06-26,1032913,0,48954,0,,215313504,479.7251361,22.73614942
2020-06-27,1032913,0,48954,0,,215313504,479.7251361,22.73614942
2020-06-28,1274974,242061,55961,7007,,215313504,592.1477178,25.99047387
2020-06-29,1274974,0,55961,0,,215313504,592.1477178,25.99047387
2020-06-30,1274974,0,55961,0,,215313504,592.1477178,25.99047387
2020-07-01,1274974,0,55961,0,,215313504,592.1477178,25.99047387
2020-07-02,1274974,0,55961,0,,215313504,592.1477178,25.99047387
2020-07-03,1274974,0,55961,0,,215313504,592.1477178,25.99047387
2020-07-04,1274974,0,55961,0,,215313504,592.1477178,25.99047387
2020-07-05,1539081,264107,63174,7213,,215313504,714.8093229,29.34047276
2020-07-06,1539081,0,63174,0,,215313504,714.8093229,29.34047276
2020-07-07,1539081,0,63174,0,,215313504,714.8093229,29.34047276
2020-07-08,1539081,0,63174,0,,215313504,714.8093229,29.34047276
2020-07-09,1539081,0,63174,0,,215313504,714.8093229,29.34047276
2020-07-10,1539081,0,63174,0,,215313504,714.8093229,29.34047276
2020-07-11,1539081,0,63174,0,,215313504,714.8093229,29.34047276
2020-07-12,1800827,261746,70398,7224,,215313504,836.3743874,32.69558049
2020-07-13,1800827,0,70398,0,,215313504,836.3743874,32.69558049
2020-07-14,1800827,0,70398,0,,215313504,836.3743874,32.69558049
2020-07-15,1800827,0,70398,0,,215313504,836.3743874,32.69558049
2020-07-16,1800827,0,70398,0,,215313504,836.3743874,32.69558049
2020-07-17,1800827,0,70398,0,,215313504,836.3743874,32.69558049
2020-07-18,1800827,0,70398,0,,215313504,836.3743874,32.69558049
2020-07-19,2046328,245501,77851,7453,,215313504,950.3946394,36.15704475
2020-07-20,2046328,0,77851,0,,215313504,950.3946394,36.15704475
2020-07-21,2046328,0,77851,0,,215313504,950.3946394,36.15704475
2020-07-22,2046328,0,77851,0,,215313504,950.3946394,36.15704475
2020-07-23,2046328,0,77851,0,,215313504,950.3946394,36.15704475
2020-07-24,2046328,0,77851,0,,215313504,950.3946394,36.15704475
2020-07-25,2046328,0,77851,0,,215313504,950.3946394,36.15704475
2020-07-26,2343366,297038,85238,7387,,215313504,1088.350687,39.58785604
2020-07-27,2343366,0,85238,0,,215313504,1088.350687,39.58785604
2020-07-28,2343366,0,85238,0,,215313504,1088.350687,39.58785604
2020-07-29,2343366,0,85238,0,,215313504,1088.350687,39.58785604
2020-07-30,2343366,0,85238,0,,215313504,1088.350687,39.58785604
2020-07-31,2343366,0,85238,0,,215313504,1088.350687,39.58785604
2020-08-01,2343366,0,85238,0,,215313504,1088.350687,39.58785604
2020-08-02,2662485,319119,92475,7237,,215313504,1236.562013,42.94900147
2020-08-03,2662485,0,92475,0,,215313504,1236.562013,42.94900147
2020-08-04,2662485,0,92475,0,,215313504,1236.562013,42.94900147
2020-08-05,2662485,0,92475,0,,215313504,1236.562013,42.94900147
2020-08-06,2662485,0,92475,0,,215313504,1236.562013,42.94900147
2020-08-07,2662485,0,92475,0,,215313504,1236.562013,42.94900147
2020-08-08,2662485,0,92475,0,,215313504,1236.562013,42.94900147
2020-08-09,2962442,299957,99572,7097,,215313504,1375.873758,46.24512543
2020-08-10,2962442,0,99572,0,,215313504,1375.873758,46.24512543
2020-08-11,2962442,0,99572,0,,215313504,1375.873758,46.24512543
2020-08-12,2962442,0,99572,0,,215313504,1375.873758,46.24512543
2020-08-13,2962442,0,99572,0,,215313504,1375.873758,46.24512543
2020-08-14,2962442,0,99572,0,,215313504,1375.873758,46.24512543
2020-08-15,2962442,0,99572,0,,215313504,1375.873758,46.24512543
2020-08-16,3275520,313078,106523,6951,,215313504,1521.279408,49.47344129
2020-08-17,3275520,0,106523,0,,215313504,1521.279408,49.47344129
2020-08-18,3275520,0,106523,0,,215313504,1521.279408,49.47344129
2020-08-19,3275520,0,106523,0,,215313504,1521.279408,49.47344129
2020-08-20,3275520,0,106523,0,,215313504,1521.279408,49.47344129
2020-08-21,3275520,0,106523,0,,215313504,1521.279408,49.47344129
2020-08-22,3275520,0,106523,0,,215313504,1521.279408,49.47344129
2020-08-23,3532330,256810,113358,6835,,215313504,1640.552002,52.64788222
2020-08-24,3532330,0,113358,0,,215313504,1640.552002,52.64788222
2020-08-25,3532330,0,113358,0,,215313504,1640.552002,52.64788222
2020-08-26,3532330,0,113358,0,,215313504,1640.552002,52.64788222
2020-08-27,3532330,0,113358,0,,215313504,1640.552002,52.64788222
2020-08-28,3532330,0,113358,0,,215313504,1640.552002,52.64788222
2020-08-29,3532330,0,113358,0,,215313504,1640.552002,52.64788222
2020-08-30,3804803,272473,119504,6146,,215313504,1767.099104,55.50232465
2020-08-31,3804803,0,119504,0,,215313504,1767.099104,55.50232465
2020-09-01,3804803,0,119504,0,,215313504,1767.099104,55.50232465
2020-09-02,3804803,0,119504,0,,215313504,1767.099104,55.50232465
2020-09-03,3804803,0,119504,0,,215313504,1767.099104,55.50232465
2020-09-04,3804803,0,119504,0,,215313504,1767.099104,55.50232465
2020-09-05,3804803,0,119504,0,,215313504,1767.099104,55.50232465
2020-09-06,4092832,288029,125521,6017,,215313504,1900.87102,58.29685443
2020-09-07,4092832,0,125521,0,,215313504,1900.87102,58.29685443
2020-09-08,4092832,0,125521,0,,215313504,1900.87102,58.29685443
2020-09-09,4092832,0,125521,0,,215313504,1900.87102,58.29685443
2020-09-10,4092832,0,125521,0,,215313504,1900.87102,58.29685443
2020-09-11,4092832,0,125521,0,,215313504,1900.87102,58.29685443
2020-09-12,4092832,0,125521,0,,215313504,1900.87102,58.29685443
2020-09-13,4282164,189332,130396,4875,,215313504,1988.804195,60.56099482
2020-09-14,4282164,0,130396,0,,215313504,1988.804195,60.56099482
2020-09-15,4282164,0,130396,0,,215313504,1988.804195,60.56099482
2020-09-16,4282164,0,130396,0,,215313504,1988.804195,60.56099482
2020-09-17,4282164,0,130396,0,,215313504,1988.804195,60.56099482
2020-09-18,4282164,0,130396,0,,215313504,1988.804195,60.56099482
2020-09-19,4282164,0,130396,0,,215313504,1988.804195,60.56099482
2020-09-20,4495183,213019,135793,5397,,215313504,2087.738538,63.06757239
2020-09-21,4495183,0,135793,0,,215313504,2087.738538,63.06757239
2020-09-22,4495183,0,135793,0,,215313504,2087.738538,63.06757239
2020-09-23,4495183,0,135793,0,,215313504,2087.738538,63.06757239
2020-09-24,4495183,0,135793,0,,215313504,2087.738538,63.06757239
2020-09-25,4495183,0,135793,0,,215313504,2087.738538,63.06757239
2020-09-26,4495183,0,135793,0,,215313504,2087.738538,63.06757239
2020-09-27,4689613,194430,140537,4744,,215313504,2178.039423,65.27087126
2020-09-28,4689613,0,140537,0,,215313504,2178.039423,65.27087126
2020-09-29,4689613,0,140537,0,,215313504,2178.039423,65.27087126
2020-09-30,4689613,0,140537,0,,215313504,2178.039423,65.27087126
2020-10-01,4689613,0,140537,0,,215313504,2178.039423,65.27087126
2020-10-02,4689613,0,140537,0,,215313504,2178.039423,65.27087126
2020-10-03,4689613,0,140537,0,,215313504,2178.039423,65.27087126
2020-10-04,4880523,190910,145388,4851,,215313504,2266.705483,67.52386511
2020-10-05,4880523,0,145388,0,,215313504,2266.705483,67.52386511
2020-10-06,4880523,0,145388,0,,215313504,2266.705483,67.52386511
2020-10-07,4880523,0,145388,0,,215313504,2266.705483,67.52386511
2020-10-08,4880523,0,145388,0,,215313504,2266.705483,67.52386511
2020-10-09,4880523,0,145388,0,,215313504,2266.705483,67.52386511
2020-10-10,4880523,0,145388,0,,215313504,2266.705483,67.52386511
2020-10-11,5055888,175365,149639,4251,,215313504,2348.151837,69.49819552
2020-10-12,5055888,0,149639,0,,215313504,2348.151837,69.49819552
2020-10-13,5055888,0,149639,0,,215313504,2348.151837,69.49819552
2020-10-14,5055888,0,149639,0,,215313504,2348.151837,69.49819552
2020-10-15,5055888,0,149639,0,,215313504,2348.151837,69.49819552
2020-10-16,5055888,0,149639,0,,215313504,2348.151837,69.49819552
2020-10-17,5055888,0,149639,0,,215313504,2348.151837,69.49819552
2020-10-18,5200300,144412,153214,3575,,215313504,2415.22241,71.15856514
2020-10-19,5200300,0,153214,0,,215313504,2415.22241,71.15856514
2020-10-20,5200300,0,153214,0,,215313504,2415.22241,71.15856514
2020-10-21,5200300,0,153214,0,,215313504,2415.22241,71.15856514
2020-10-22,5200300,0,153214,0,,215313504,2415.22241,71.15856514
2020-10-23,5200300,0,153214,0,,215313504,2415.22241,71.15856514
2020-10-24,5200300,0,153214,0,,215313504,2415.22241,71.15856514
2020-10-25,5353656,153356,156471,3257,,215313504,2486.446925,72.67124314
2020-10-26,5353656,0,156471,0,,215313504,2486.446925,72.67124314
2020-10-27,5353656,0,156471,0,,215313504,2486.446925,72.67124314
2020-10-28,5353656,0,156471,0,,215313504,2486.446925,72.67124314
2020-10-29,5353656,0,156471,0,,215313504,2486.446925,72.67124314
2020-10-30,5353656,0,156471,0,,215313504,2486.446925,72.67124314
2020-10-31,5353656,0,156471,0,,215313504,2486.446925,72.67124314
2020-11-01,5516658,163002,159477,3006,,215313504,2562.15142,74.06734693
2020-11-02,5516658,0,159477,0,,215313504,2562.15142,74.06734693
2020-11-03,5516658,0,159477,0,,215313504,2562.15142,74.06734693
2020-11-04,5516658,0,159477,0,,215313504,2562.15142,74.06734693
2020-11-05,5516658,0,159477,0,,215313504,2562.15142,74.06734693
2020-11-06,5516658,0,159477,0,,215313504,2562.15142,74.06734693
2020-11-07,5516658,0,159477,0,,215313504,2562.15142,74.06734693
2020-11-08,5631181,114523,162015,2538,,215313504,2615.340374,75.24609325
2020-11-09,5631181,0,162015,0,,215313504,2615.340374,75.24609325
2020-11-10,5631181,0,162015,0,,215313504,2615.340374,75.24609325
2020-11-11,5631181,0,162015,0,,215313504,2615.340374,75.24609325
2020-11-12,5631181,0,162015,0,,215313504,2615.340374,75.24609325
2020-11-13,5631181,0,162015,0,,215313504,2615.340374,75.24609325
2020-11-14,5631181,0,162015,0,,215313504,2615.340374,75.24609325
2020-11-15,5810652,179471,164737,2722,,215313504,2698.693715,76.51029635
2020-11-16,5810652,0,164737,0,,215313504,2698.693715,76.51029635
2020-11-17,5810652,0,164737,0,,215313504,2698.693715,76.51029635
2020-11-18,5810652,0,164737,0,,215313504,2698.693715,76.51029635
2020-11-19,5810652,0,164737,0,,215313504,2698.693715,76.51029635
2020-11-20,5810652,0,164737,0,,215313504,2698.693715,76.51029635
2020-11-21,5810652,0,164737,0,,215313504,2698.693715,76.51029635
2020-11-22,6020164,209512,168613,3876,,215313504,2795.99927,78.31046213
2020-11-23,6020164,0,168613,0,,215313504,2795.99927,78.31046213
2020-11-24,6020164,0,168613,0,,215313504,2795.99927,78.31046213
2020-11-25,6020164,0,168613,0,,215313504,2795.99927,78.31046213
2020-11-26,6020164,0,168613,0,,215313504,2795.99927,78.31046213
2020-11-27,6020164,0,168613,0,,215313504,2795.99927,78.31046213
2020-11-28,6020164,0,168613,0,,215313504,2795.99927,78.31046213
2020-11-29,6238350,218186,171974,3361,,215313504,2897.333369,79.87144178
2020-11-30,6238350,0,171974,0,,215313504,2897.333369,79.87144178
2020-12-01,6238350,0,171974,0,,215313504,2897.333369,79.87144178
2020-12-02,6238350,0,171974,0,,215313504,2897.333369,79.87144178
2020-12-03,6238350,0,171974,0,,215313504,2897.333369,79.87144178
2020-12-04,6238350,0,171974,0,,215313504,2897.333369,79.87144178
2020-12-05,6238350,0,171974,0,,215313504,2897.333369,79.87144178
2020-12-06,6533968,295618,175964,3990,,215313504,3034.629913,81.72455361
2020-12-07,6533968,0,175964,0,,215313504,3034.629913,81.72455361
2020-12-08,6533968,0,175964,0,,215313504,3034.629913,81.72455361
2020-12-09,6533968,0,175964,0,,215313504,3034.629913,81.72455361
2020-12-10,6533968,0,175964,0,,215313504,3034.629913,81.72455361
2020-12-11,6533968,0,175964,0,,215313504,3034.629913,81.72455361
2020-12-12,6533968,0,175964,0,,215313504,3034.629913,81.72455361
2020-12-13,6836227,302259,180437,4473,,215313504,3175.010797,83.80198949
2020-12-14,6836227,0,180437,0,,215313504,3175.010797,83.80198949
2020-12-15,6836227,0,180437,0,,215313504,3175.010797,83.80198949
2020-12-16,6836227,0,180437,0,,215313504,3175.010797,83.80198949
2020-12-17,6836227,0,180437,0,,215313504,3175.010797,83.80198949
2020-12-18,6836227,0,180437,0,,215313504,3175.010797,83.80198949
2020-12-19,6836227,0,180437,0,,215313504,3175.010797,83.80198949
2020-12-20,7162978,326751,185650,5213,,215313504,3326.766722,86.22311028
2020-12-21,7162978,0,185650,0,,215313504,3326.766722,86.22311028
2020-12-22,7162978,0,185650,0,,215313504,3326.766722,86.22311028
2020-12-23,7162978,0,185650,0,,215313504,3326.766722,86.22311028
2020-12-24,7162978,0,185650,0,,215313504,3326.766722,86.22311028
2020-12-25,7162978,0,185650,0,,215313504,3326.766722,86.22311028
2020-12-26,7162978,0,185650,0,,215313504,3326.766722,86.22311028
2020-12-27,7448560,285582,190488,4838,,215313504,3459.402156,88.47006642
2020-12-28,7448560,0,190488,0,,215313504,3459.402156,88.47006642
2020-12-29,7448560,0,190488,0,,215313504,3459.402156,88.47006642
2020-12-30,7448560,0,190488,0,,215313504,3459.402156,88.47006642
2020-12-31,7448560,0,190488,0,,215313504,3459.402156,88.47006642
2021-01-01,7448560,0,190488,0,,215313504,3459.402156,88.47006642
2021-01-02,7448560,0,190488,0,,215313504,3459.402156,88.47006642
2021-01-03,7700578,252018,195411,4923,,215313504,3576.449158,90.75649988
2021-01-04,7700578,0,195411,0,,215313504,3576.449158,90.75649988
2021-01-05,7700578,0,195411,0,,215313504,3576.449158,90.75649988
2021-01-06,7700578,0,195411,0,,215313504,3576.449158,90.75649988
2021-01-07,7700578,0,195411,0,,215313504,3576.449158,90.75649988
2021-01-08,7700578,0,195411,0,,215313504,3576.449158,90.75649988
2021-01-09,7700578,0,195411,0,,215313504,3576.449158,90.75649988
2021-01-10,8013708,313130,201460,6049,,215313504,3721.878958,93.56589171
2021-01-11,8013708,0,201460,0,,215313504,3721.878958,93.56589171
2021-01-12,8013708,0,201460,0,,215313504,3721.878958,93.56589171
2021-01-13,8013708,0,201460,0,,215313504,3721.878958,93.56589171
2021-01-14,8013708,0,201460,0,,215313504,3721.878958,93.56589171
2021-01-15,8013708,0,201460,0,,215313504,3721.878958,93.56589171
2021-01-16,8013708,0,201460,0,,215313504,3721.878958,93.56589171
2021-01-17,8393492,379784,208246,6786,112,215313504,3898.26548,96.71757513
2021-01-18,8393492,0,208246,0,1109,215313504,3898.26548,96.71757513
2021-01-19,8393492,0,208246,0,13527,215313504,3898.26548,96.71757513
2021-01-20,8393492,0,208246,0,105824,215313504,3898.26548,96.71757513
2021-01-21,8393492,0,208246,0,193699,215313504,3898.26548,96.71757513
2021-01-22,8393492,0,208246,0,462269,215313504,3898.26548,96.71757513
2021-01-23,8393492,0,208246,0,573268,215313504,3898.26548,96.71757513
2021-01-24,8753920,360428,215243,6997,613954,215313504,4065.662319,99.96725519
2021-01-25,8753920,0,215243,0,801759,215313504,4065.662319,99.96725519
2021-01-26,8753920,0,215243,0,1045746,215313504,4065.662319,99.96725519
2021-01-27,8753920,0,215243,0,1327546,215313504,4065.662319,99.96725519
2021-01-28,8753920,0,215243,0,1563098,215313504,4065.662319,99.96725519
2021-01-29,8753920,0,215243,0,1923813,215313504,4065.662319,99.96725519
2021-01-30,8753920,0,215243,0,2046523,215313504,4065.662319,99.96725519
2021-01-31,9118513,364593,222666,7423,2084119,215313504,4234.993547,103.4147863
2021-02-01,9118513,0,222666,0,2292551,215313504,4234.993547,103.4147863
2021-02-02,9118513,0,222666,0,2521704,215313504,4234.993547,103.4147863
2021-02-03,9118513,0,222666,0,2802134,215313504,4234.993547,103.4147863
2021-02-04,9118513,0,222666,0,3074906,215313504,4234.993547,103.4147863
2021-02-05,9118513,0,222666,0,3399421,215313504,4234.993547,103.4147863
2021-02-06,9118513,0,222666,0,3534004,215313504,4234.993547,103.4147863
2021-02-07,9447165,328652,230034,7368,3579850,215313504,4387.632371,106.8367732
2021-02-08,9447165,0,230034,0,3786591,215313504,4387.632371,106.8367732
2021-02-09,9447165,0,230034,0,4069677,215313504,4387.632371,106.8367732
2021-02-10,9447165,0,230034,0,4326075,215313504,4387.632371,106.8367732
2021-02-11,9447165,0,230034,0,4586270,215313504,4387.632371,106.8367732
2021-02-12,9447165,0,230034,0,4946738,215313504,4387.632371,106.8367732
2021-02-13,9447165,0,230034,0,5042713,215313504,4387.632371,106.8367732
2021-02-14,9765455,318290,237489,7455,5076110,215313504,4535.458677,110.2991664
2021-02-15,9765455,0,237489,0,5324317,215313504,4535.458677,110.2991664
2021-02-16,9765455,0,237489,0,5326007,215313504,4535.458677,110.2991664
2021-02-17,9765455,0,237489,0,5482925,215313504,4535.458677,110.2991664
2021-02-18,9765455,0,237489,0,5640483,215313504,4535.458677,110.2991664
2021-02-19,9765455,0,237489,0,5756361,215313504,4535.458677,110.2991664
2021-02-20,9765455,0,237489,0,5817908,215313504,4535.458677,110.2991664
2021-02-21,10081676,316221,244765,7276,5857080,215313504,4682.324059,113.6784249
2021-02-22,10081676,0,244765,0,6002873,215313504,4682.324059,113.6784249
2021-02-23,10081676,0,244765,0,6116082,215313504,4682.324059,113.6784249
2021-02-24,10081676,0,244765,0,6202055,215313504,4682.324059,113.6784249
2021-02-25,10081676,0,244765,0,6346769,215313504,4682.324059,113.6784249
2021-02-26,10081676,0,244765,0,6437836,215313504,4682.324059,113.6784249
2021-02-27,10081676,0,244765,0,6518628,215313504,4682.324059,113.6784249
2021-02-28,10455630,373954,252835,8070,6542206,215313504,4856.002901,117.4264481
2021-03-01,10455630,0,252835,0,6806293,215313504,4856.002901,117.4264481
2021-03-02,10455630,0,252835,0,7114219,215313504,4856.002901,117.4264481
2021-03-03,10455630,0,252835,0,7417852,215313504,4856.002901,117.4264481
2021-03-04,10455630,0,252835,0,7701146,215313504,4856.002901,117.4264481
2021-03-05,10455630,0,252835,0,7958939,215313504,4856.002901,117.4264481
2021-03-06,10455630,0,252835,0,8142004,215313504,4856.002901,117.4264481
2021-03-07,10869227,413597,262770,9935,8227671,215313504,5048.0935,122.0406501
2021-03-08,10869227,0,262770,0,8504966,215313504,5048.0935,122.0406501
2021-03-09,10869227,0,262770,0,8764547,215313504,5048.0935,122.0406501
2021-03-10,10869227,0,262770,0,9013293,215313504,5048.0935,122.0406501
2021-03-11,10869227,0,262770,0,9298511,215313504,5048.0935,122.0406501
2021-03-12,10869227,0,262770,0,9547655,215313504,5048.0935,122.0406501
2021-03-13,10869227,0,262770,0,9669967,215313504,5048.0935,122.0406501
2021-03-14,11363380,494153,275105,12335,9718209,215313504,5277.597452,127.7695058
2021-03-15,11363380,0,275105,0,10087787,215313504,5277.597452,127.7695058
2021-03-16,11363380,0,275105,0,10402388,215313504,5277.597452,127.7695058
2021-03-17,11363380,0,275105,0,10725474,215313504,5277.597452,127.7695058
2021-03-18,11363380,0,275105,0,11055747,215313504,5277.597452,127.7695058
2021-03-19,11363380,0,275105,0,11509501,215313504,5277.597452,127.7695058
2021-03-20,11363380,0,275105,0,11739832,215313504,5277.597452,127.7695058
2021-03-21,11871390,508010,290314,15209,11818482,215313504,5513.537135,134.8331594
2021-03-22,11871390,0,290314,0,12314847,215313504,5513.537135,134.8331594
2021-03-23,11871390,0,290314,0,12817812,215313504,5513.537135,134.8331594
2021-03-24,11871390,0,290314,0,13436373,215313504,5513.537135,134.8331594
2021-03-25,11871390,0,290314,0,14102934,215313504,5513.537135,134.8331594
2021-03-26,11871390,0,290314,0,14928869,215313504,5513.537135,134.8331594
2021-03-27,11871390,0,290314,0,15282128,215313504,5513.537135,134.8331594
2021-03-28,12404414,533024,307112,16798,15513974,215313504,5761.094297,142.6348066
2021-03-29,12404414,0,307112,0,16335279,215313504,5761.094297,142.6348066
2021-03-30,12404414,0,307112,0,16995184,215313504,5761.094297,142.6348066
2021-03-31,12404414,0,307112,0,17745732,215313504,5761.094297,142.6348066
2021-04-01,12404414,0,307112,0,18639028,215313504,5761.094297,142.6348066
2021-04-02,12404414,0,307112,0,18900837,215313504,5761.094297,142.6348066
2021-04-03,12404414,0,307112,0,19222342,215313504,5761.094297,142.6348066
2021-04-04,12910082,505668,328206,21094,19510333,215313504,5995.946264,152.431684
2021-04-05,12910082,0,328206,0,20056296,215313504,5995.946264,152.431684
2021-04-06,12910082,0,328206,0,20850120,215313504,5995.946264,152.431684
2021-04-07,12910082,0,328206,0,21538484,215313504,5995.946264,152.431684
2021-04-08,12910082,0,328206,0,22246612,215313504,5995.946264,152.431684
2021-04-09,12910082,0,328206,0,22693305,215313504,5995.946264,152.431684
2021-04-10,12910082,0,328206,0,23097172,215313504,5995.946264,152.431684
2021-04-11,13373174,463092,348718,20512,23300896,215313504,6211.024275,161.9582579
2021-04-12,13373174,0,348718,0,23910515,215313504,6211.024275,161.9582579
2021-04-13,13373174,0,348718,0,24473138,215313504,6211.024275,161.9582579
2021-04-14,13373174,0,348718,0,24996380,215313504,6211.024275,161.9582579
2021-04-15,13373174,0,348718,0,25478194,215313504,6211.024275,161.9582579
2021-04-16,13373174,0,348718,0,25810304,215313504,6211.024275,161.9582579
2021-04-17,13373174,0,348718,0,26085155,215313504,6211.024275,161.9582579
2021-04-18,13832455,459281,368749,20031,26210282,215313504,6424.332308,171.2614365
2021-04-19,13832455,0,368749,0,26707227,215313504,6424.332308,171.2614365
2021-04-20,13832455,0,368749,0,27184073,215313504,6424.332308,171.2614365
2021-04-21,13832455,0,368749,0,27518053,215313504,6424.332308,171.2614365
2021-04-22,13832455,0,368749,0,27887014,215313504,6424.332308,171.2614365
2021-04-23,13832455,0,368749,0,28783905,215313504,6424.332308,171.2614365
2021-04-24,13832455,0,368749,0,28981002,215313504,6424.332308,171.2614365
2021-04-25,14237078,404623,386416,17667,29041497,215313504,6612.255031,179.4666813
2021-04-26,14237078,0,386416,0,29601947,215313504,6612.255031,179.4666813
2021-04-27,14237078,0,386416,0,30275923,215313504,6612.255031,179.4666813
2021-04-28,14237078,0,386416,0,30748674,215313504,6612.255031,179.4666813
2021-04-29,14237078,0,386416,0,31243694,215313504,6612.255031,179.4666813
2021-04-30,14237078,0,386416,0,31696792,215313504,6612.255031,179.4666813
2021-05-01,14237078,0,386416,0,31830880,215313504,6612.255031,179.4666813
2021-05-02,14659011,421933,403781,17365,31884404,215313504,6808.217194,187.5316655
2021-05-03,14659011,0,403781,0,32345310,215313504,6808.217194,187.5316655
2021-05-04,14659011,0,403781,0,32896171,215313504,6808.217194,187.5316655
2021-05-05,14659011,0,403781,0,33490395,215313504,6808.217194,187.5316655
2021-05-06,14659011,0,403781,0,34271192,215313504,6808.217194,187.5316655
2021-05-07,14659011,0,403781,0,35008550,215313504,6808.217194,187.5316655
2021-05-08,14659011,0,403781,0,35253389,215313504,6808.217194,187.5316655
2021-05-09,15082449,423438,419114,15333,35318058,215313504,7004.878338,194.6529095
2021-05-10,15082449,0,419114,0,35926219,215313504,7004.878338,194.6529095
2021-05-11,15082449,0,419114,0,36523507,215313504,7004.878338,194.6529095
2021-05-12,15082449,0,419114,0,37233983,215313504,7004.878338,194.6529095
2021-05-13,15082449,0,419114,0,37768491,215313504,7004.878338,194.6529095
2021-05-14,15082449,0,419114,0,38320507,215313504,7004.878338,194.6529095
2021-05-15,15082449,0,419114,0,38570631,215313504,7004.878338,194.6529095
2021-05-16,15519525,437076,432628,13514,38752714,215313504,7207.873502,200.9293388
2021-05-17,15519525,0,432628,0,39284275,215313504,7207.873502,200.9293388
2021-05-18,15519525,0,432628,0,39891922,215313504,7207.873502,200.9293388
2021-05-19,15519525,0,432628,0,40435632,215313504,7207.873502,200.9293388
2021-05-20,15519525,0,432628,0,41089722,215313504,7207.873502,200.9293388
2021-05-21,15519525,0,432628,0,41659039,215313504,7207.873502,200.9293388
2021-05-22,15519525,0,432628,0,41882011,215313504,7207.873502,200.9293388
2021-05-23,15970949,451424,446309,13681,42474538,215313504,7417.532437,207.2833295
2021-05-24,15970949,0,446309,0,43008064,215313504,7417.532437,207.2833295
2021-05-25,15970949,0,446309,0,43525933,215313504,7417.532437,207.2833295
2021-05-26,15970949,0,446309,0,44045168,215313504,7417.532437,207.2833295
2021-05-27,15970949,0,446309,0,44530761,215313504,7417.532437,207.2833295
2021-05-28,15970949,0,446309,0,45284397,215313504,7417.532437,207.2833295
2021-05-29,15970949,0,446309,0,45604680,215313504,7417.532437,207.2833295
2021-05-30,16391930,420981,459045,12736,45684962,215313504,7613.052454,213.1984253
2021-05-31,16391930,0,459045,0,46328168,215313504,7613.052454,213.1984253
2021-06-01,16391930,0,459045,0,46932629,215313504,7613.052454,213.1984253
2021-06-02,16391930,0,459045,0,47852026,215313504,7613.052454,213.1984253
2021-06-03,16391930,0,459045,0,48321463,215313504,7613.052454,213.1984253
2021-06-04,16391930,0,459045,0,48963900,215313504,7613.052454,213.1984253
2021-06-05,16391930,0,459045,0,49491413,215313504,7613.052454,213.1984253
2021-06-06,16841408,449478,470842,11797,49685501,215313504,7821.807591,218.6774128
2021-06-07,16841408,0,470842,0,50381104,215313504,7821.807591,218.6774128
2021-06-08,16841408,0,470842,0,51502554,215313504,7821.807591,218.6774128
2021-06-09,16841408,0,470842,0,52567517,215313504,7821.807591,218.6774128
2021-06-10,16841408,0,470842,0,53577624,215313504,7821.807591,218.6774128
2021-06-11,16841408,0,470842,0,54685737,215313504,7821.807591,218.6774128
2021-06-12,16841408,0,470842,0,55292343,215313504,7821.807591,218.6774128
2021-06-13,17296118,454710,484235,13393,55617274,215313504,8032.992673,224.8976451
2021-06-14,17296118,0,484235,0,56657381,215313504,8032.992673,224.8976451
2021-06-15,17296118,0,484235,0,57910386,215313504,8032.992673,224.8976451
2021-06-16,17296118,0,484235,0,59068483,215313504,8032.992673,224.8976451
2021-06-17,17296118,0,484235,0,61187304,215313504,8032.992673,224.8976451
2021-06-18,17296118,0,484235,0,62785859,215313504,8032.992673,224.8976451
2021-06-19,17296118,0,484235,0,63659153,215313504,8032.992673,224.8976451
2021-06-20,17801462,505344,498499,14264,64099339,215313504,8267.694162,231.5224037
2021-06-21,17801462,0,498499,0,65421825,215313504,8267.694162,231.5224037
2021-06-22,17801462,0,498499,0,66688623,215313504,8267.694162,231.5224037
2021-06-23,17801462,0,498499,0,67890907,215313504,8267.694162,231.5224037
2021-06-24,17801462,0,498499,0,69113521,215313504,8267.694162,231.5224037
2021-06-25,17801462,0,498499,0,70369603,215313504,8267.694162,231.5224037
2021-06-26,17801462,0,498499,0,71090361,215313504,8267.694162,231.5224037
2021-06-27,18322760,521298,511142,12643,71319026,215313504,8509.805312,237.3943067
2021-06-28,18322760,0,511142,0,72324820,215313504,8509.805312,237.3943067
2021-06-29,18322760,0,511142,0,73943650,215313504,8509.805312,237.3943067
2021-06-30,18322760,0,511142,0,75097273,215313504,8509.805312,237.3943067
2021-07-01,18322760,0,511142,0,76284848,215313504,8509.805312,237.3943067
2021-07-02,18322760,0,511142,0,77586349,215313504,8509.805312,237.3943067
2021-07-03,18322760,0,511142,0,78210253,215313504,8509.805312,237.3943067
2021-07-04,18687469,364709,521952,10810,78512727,215313504,8679.190414,242.4148928
2021-07-05,18687469,0,521952,0,79835457,215313504,8679.190414,242.4148928
2021-07-06,18687469,0,521952,0,81152984,215313504,8679.190414,242.4148928
2021-07-07,18687469,0,521952,0,82649595,215313504,8679.190414,242.4148928
2021-07-08,18687469,0,521952,0,83948802,215313504,8679.190414,242.4148928
2021-07-09,18687469,0,521952,0,85166293,215313504,8679.190414,242.4148928
2021-07-10,18687469,0,521952,0,85922323,215313504,8679.190414,242.4148928
2021-07-11,19020499,333030,531688,9736,86272249,215313504,8833.862552,246.9366715
2021-07-12,19020499,0,531688,0,87264587,215313504,8833.862552,246.9366715
2021-07-13,19020499,0,531688,0,88385719,215313504,8833.862552,246.9366715
2021-07-14,19020499,0,531688,0,89449394,215313504,8833.862552,246.9366715
2021-07-15,19020499,0,531688,0,90743692,215313504,8833.862552,246.9366715
2021-07-16,19020499,0,531688,0,91739486,215313504,8833.862552,246.9366715
2021-07-17,19020499,0,531688,0,92434146,215313504,8833.862552,246.9366715
2021-07-18,19308109,287610,540398,8710,92630599,215313504,8967.439869,250.9819356
2021-07-19,19308109,0,540398,0,93786760,215313504,8967.439869,250.9819356
2021-07-20,19308109,0,540398,0,95101845,215313504,8967.439869,250.9819356
2021-07-21,19308109,0,540398,0,96304601,215313504,8967.439869,250.9819356
2021-07-22,19308109,0,540398,0,97428671,215313504,8967.439869,250.9819356
2021-07-23,19308109,0,540398,0,98712936,215313504,8967.439869,250.9819356
2021-07-24,19308109,0,540398,0,99391757,215313504,8967.439869,250.9819356
2021-07-25,19632443,324334,548340,7942,99610570,215313504,9118.073244,254.6705106
2021-07-26,19632443,0,548340,0,100522817,215313504,9118.073244,254.6705106
2021-07-27,19632443,0,548340,0,101528055,215313504,9118.073244,254.6705106
2021-07-28,19632443,0,548340,0,102535345,215313504,9118.073244,254.6705106
2021-07-29,19632443,0,548340,0,103363365,215313504,9118.073244,254.6705106
2021-07-30,19632443,0,548340,0,104477597,215313504,9118.073244,254.6705106
2021-07-31,19632443,0,548340,0,105083580,215313504,9118.073244,254.6705106
2021-08-01,19880273,247830,555460,7120,105292650,215313504,9233.175175,257.9773166
2021-08-02,19880273,0,555460,0,105934725,215313504,9233.175175,257.9773166
2021-08-03,19880273,0,555460,0,107137953,215313504,9233.175175,257.9773166
2021-08-04,19880273,0,555460,0,108658469,215313504,9233.175175,257.9773166
2021-08-05,19880273,0,555460,0,109745651,215313504,9233.175175,257.9773166
2021-08-06,19880273,0,555460,0,110841845,215313504,9233.175175,257.9773166
2021-08-07,19880273,0,555460,0,111342715,215313504,9233.175175,257.9773166
2021-08-08,20108746,228473,561762,6302,111566720,215313504,9339.286959,260.9042116
2021-08-09,20108746,0,561762,0,112476618,215313504,9339.286959,260.9042116
2021-08-10,20108746,0,561762,0,113880889,215313504,9339.286959,260.9042116
2021-08-11,20108746,0,561762,0,115251518,215313504,9339.286959,260.9042116
2021-08-12,20108746,0,561762,0,116780678,215313504,9339.286959,260.9042116
2021-08-13,20108746,0,561762,0,118175020,215313504,9339.286959,260.9042116
2021-08-14,20108746,0,561762,0,119132205,215313504,9339.286959,260.9042116
2021-08-15,20319000,210254,567862,6100,119504650,215313504,9436.937128,263.7372898
2021-08-16,20319000,0,567862,0,120686544,215313504,9436.937128,263.7372898
2021-08-17,20319000,0,567862,0,122541955,215313504,9436.937128,263.7372898
2021-08-18,20319000,0,567862,0,123678883,215313504,9436.937128,263.7372898
2021-08-19,20319000,0,567862,0,125160916,215313504,9436.937128,263.7372898
2021-08-20,20319000,0,567862,0,126384146,215313504,9436.937128,263.7372898
2021-08-21,20319000,0,567862,0,127168248,215313504,9436.937128,263.7372898
2021-08-22,20528099,209099,573511,5649,127600937,215313504,9534.050869,266.360906
2021-08-23,20528099,0,573511,0,128859272,215313504,9534.050869,266.360906
2021-08-24,20528099,0,573511,0,130267899,215313504,9534.050869,266.360906
2021-08-25,20528099,0,573511,0,131489509,215313504,9534.050869,266.360906
2021-08-26,20528099,0,573511,0,131918133,215313504,9534.050869,266.360906
2021-08-27,20528099,0,573511,0,132939921,215313504,9534.050869,266.360906
2021-08-28,20528099,0,573511,0,133608741,215313504,9534.050869,266.360906
2021-08-29,20703906,175807,578326,4815,133947333,215313504,9615.702506,268.59718
2021-08-30,20703906,0,578326,0,134777145,215313504,9615.702506,268.59718
2021-08-31,20703906,0,578326,0,136127045,215313504,9615.702506,268.59718
2021-09-01,20703906,0,578326,0,137067385,215313504,9615.702506,268.59718
2021-09-02,20703906,0,578326,0,137897705,215313504,9615.702506,268.59718
2021-09-03,20703906,0,578326,0,138653061,215313504,9615.702506,268.59718
2021-09-04,20703906,0,578326,0,139039441,215313504,9615.702506,268.59718
2021-09-05,20856060,152154,582670,4344,139210778,215313504,9686.368766,270.6147033
2021-09-06,20856060,0,582670,0,139985523,215313504,9686.368766,270.6147033
2021-09-07,20856060,0,582670,0,140218809,215313504,9686.368766,270.6147033
2021-09-08,20856060,0,582670,0,140820674,215313504,9686.368766,270.6147033
2021-09-09,20856060,0,582670,0,141565747,215313504,9686.368766,270.6147033
2021-09-10,20856060,0,582670,0,142382292,215313504,9686.368766,270.6147033
2021-09-11,20856060,0,582670,0,142798088,215313504,9686.368766,270.6147033
2021-09-12,20974850,118790,585846,3176,142983971,215313504,9741.539481,272.0897617
2021-09-13,20974850,0,585846,0,143433748,215313504,9741.539481,272.0897617
2021-09-14,20974850,0,585846,0,144100429,215313504,9741.539481,272.0897617
2021-09-15,20974850,0,585846,0,144761529,215313504,9741.539481,272.0897617
2021-09-16,20974850,0,585846,0,145238112,215313504,9741.539481,272.0897617
2021-09-17,20974850,0,585846,0,146000277,215313504,9741.539481,272.0897617
2021-09-18,20974850,0,585846,0,146371189,215313504,9741.539481,272.0897617
2021-09-19,21080219,105369,589573,3727,146553215,215313504,9790.47696,273.8207261
2021-09-20,21080219,0,589573,0,146923305,215313504,9790.47696,273.8207261
2021-09-21,21080219,0,589573,0,147473077,215313504,9790.47696,273.8207261
2021-09-22,21080219,0,589573,0,147966925,215313504,9790.47696,273.8207261
2021-09-23,21080219,0,589573,0,148510818,215313504,9790.47696,273.8207261
2021-09-24,21080219,0,589573,0,148994474,215313504,9790.47696,273.8207261
2021-09-25,21080219,0,589573,0,149386359,215313504,9790.47696,273.8207261
2021-09-26,21327616,247397,593663,4090,149565073,215313504,9905.377788,275.7202818
2021-09-27,21327616,0,593663,0,149871708,215313504,9905.377788,275.7202818
2021-09-28,21327616,0,593663,0,150382518,215313504,9905.377788,275.7202818
2021-09-29,21327616,0,593663,0,150881737,215313504,9905.377788,275.7202818
2021-09-30,21327616,0,593663,0,151420924,215313504,9905.377788,275.7202818
2021-10-01,21327616,0,593663,0,151901209,215313504,9905.377788,275.7202818
2021-10-02,21327616,0,593663,0,152166987,215313504,9905.377788,275.7202818
2021-10-03,21445651,118035,597225,3562,152277364,215313504,9960.197852,277.3746137
2021-10-04,21445651,0,597225,0,152519888,215313504,9960.197852,277.3746137
2021-10-05,21445651,0,597225,0,152926450,215313504,9960.197852,277.3746137
2021-10-06,21445651,0,597225,0,153310124,215313504,9960.197852,277.3746137
2021-10-07,21445651,0,597225,0,153699490,215313504,9960.197852,277.3746137
2021-10-08,21445651,0,597225,0,154010913,215313504,9960.197852,277.3746137
2021-10-09,21445651,0,597225,0,154181567,215313504,9960.197852,277.3746137
2021-10-10,21550730,105079,600425,3200,154292724,215313504,10009.00064,278.8608187
2021-10-11,21550730,0,600425,0,154580496,215313504,10009.00064,278.8608187
2021-10-12,21550730,0,600425,0,154693150,215313504,10009.00064,278.8608187
2021-10-13,21550730,0,600425,0,154798792,215313504,10009.00064,278.8608187
2021-10-14,21550730,0,600425,0,155526988,215313504,10009.00064,278.8608187
2021-10-15,21550730,0,600425,0,156015804,215313504,10009.00064,278.8608187
2021-10-16,21550730,0,600425,0,156313972,215313504,10009.00064,278.8608187
2021-10-17,21627476,76746,602669,2244,156420266,215313504,10044.64448,279.9030199
2021-10-18,21627476,0,602669,0,156558619,215313504,10044.64448,279.9030199
2021-10-19,21627476,0,602669,0,156892317,215313504,10044.64448,279.9030199
2021-10-20,21627476,0,602669,0,157322792,215313504,10044.64448,279.9030199
2021-10-21,21627476,0,602669,0,157475037,215313504,10044.64448,279.9030199
2021-10-22,21627476,0,602669,0,157679997,215313504,10044.64448,279.9030199
2021-10-23,21627476,0,602669,0,157810514,215313504,10044.64448,279.9030199
2021-10-24,21711843,84367,605139,2470,157986323,215313504,10083.82781,281.0501844
2021-10-25,21711843,0,605139,0,158281322,215313504,10083.82781,281.0501844
2021-10-26,21711843,0,605139,0,158619663,215313504,10083.82781,281.0501844
2021-10-27,21711843,0,605139,0,158890656,215313504,10083.82781,281.0501844
2021-10-28,21711843,0,605139,0,159171324,215313504,10083.82781,281.0501844
2021-10-29,21711843,0,605139,0,159412919,215313504,10083.82781,281.0501844
2021-10-30,21711843,0,605139,0,159518249,215313504,10083.82781,281.0501844
2021-10-31,21793401,81558,607462,2323,159589151,215313504,10121.70653,282.1290763
2021-11-01,21793401,0,607462,0,159631476,215313504,10121.70653,282.1290763
2021-11-02,21793401,0,607462,0,159667965,215313504,10121.70653,282.1290763
2021-11-03,21793401,0,607462,0,159792323,215313504,10121.70653,282.1290763
2021-11-04,21793401,0,607462,0,160056071,215313504,10121.70653,282.1290763
2021-11-05,21793401,0,607462,0,160333906,215313504,10121.70653,282.1290763
2021-11-06,21793401,0,607462,0,160423951,215313504,10121.70653,282.1290763
2021-11-07,21862458,69057,609060,1598,160707880,215313504,10153.7793,282.8712499
2021-11-08,21862458,0,609060,0,160971992,215313504,10153.7793,282.8712499
2021-11-09,21862458,0,609060,0,161179478,215313504,10153.7793,282.8712499
2021-11-10,21862458,0,609060,0,161412780,215313504,10153.7793,282.8712499
2021-11-11,21862458,0,609060,0,161690791,215313504,10153.7793,282.8712499
2021-11-12,21862458,0,609060,0,161743151,215313504,10153.7793,282.8712499
2021-11-13,21862458,0,609060,0,161814220,215313504,10153.7793,282.8712499
2021-11-14,21939196,76738,610491,1431,161908494,215313504,10189.41942,283.5358622
2021-11-15,21939196,0,610491,0,161973124,215313504,10189.41942,283.5358622
2021-11-16,21939196,0,610491,0,162028086,215313504,10189.41942,283.5358622
2021-11-17,21939196,0,610491,0,162257537,215313504,10189.41942,283.5358622
2021-11-18,21939196,0,610491,0,162397679,215313504,10189.41942,283.5358622
2021-11-19,21939196,0,610491,0,162554502,215313504,10189.41942,283.5358622
2021-11-20,21939196,0,610491,0,162688776,215313504,10189.41942,283.5358622
2021-11-21,22003317,64121,612370,1879,162812584,215313504,10219.19972,284.4085432
2021-11-22,22003317,0,612370,0,162957786,215313504,10219.19972,284.4085432
2021-11-23,22003317,0,612370,0,163108526,215313504,10219.19972,284.4085432
2021-11-24,22003317,0,612370,0,163216460,215313504,10219.19972,284.4085432
2021-11-25,22003317,0,612370,0,163342820,215313504,10219.19972,284.4085432
2021-11-26,22003317,0,612370,0,163546806,215313504,10219.19972,284.4085432
2021-11-27,22003317,0,612370,0,163607249,215313504,10219.19972,284.4085432
2021-11-28,22067630,64313,613957,1587,163684746,215313504,10249.06919,285.145608
2021-11-29,22067630,0,613957,0,163706613,215313504,10249.06919,285.145608
2021-11-30,22067630,0,613957,0,163926497,215313504,10249.06919,285.145608
2021-12-01,22067630,0,613957,0,164159539,215313504,10249.06919,285.145608
2021-12-02,22067630,0,613957,0,164290464,215313504,10249.06919,285.145608
2021-12-03,22067630,0,613957,0,164457496,215313504,10249.06919,285.145608
2021-12-04,22067630,0,613957,0,164543599,215313504,10249.06919,285.145608
2021-12-05,22129409,61779,615400,1443,164589731,215313504,10277.76177,285.8157935
2021-12-06,22129409,0,615400,0,164604790,215313504,10277.76177,285.8157935
2021-12-07,22129409,0,615400,0,164711745,215313504,10277.76177,285.8157935
2021-12-08,22129409,0,615400,0,164800426,215313504,10277.76177,285.8157935
2021-12-09,22129409,0,615400,0,164914808,215313504,10277.76177,285.8157935
2021-12-10,22129409,0,615400,0,,215313504,10277.76177,285.8157935
2021-12-11,22129409,0,615400,0,,215313504,10277.76177,285.8157935
2021-12-12,22184824,55415,616691,1291,,215313504,10303.49866,286.4153843
2021-12-13,22184824,0,616691,0,,215313504,10303.49866,286.4153843
2021-12-14,22184824,0,616691,0,164933940,215313504,10303.49866,286.4153843
2021-12-15,22184824,0,616691,0,165135181,215313504,10303.49866,286.4153843
2021-12-16,22184824,0,616691,0,165279022,215313504,10303.49866,286.4153843
2021-12-17,22184824,0,616691,0,165393977,215313504,10303.49866,286.4153843
2021-12-18,22184824,0,616691,0,165409165,215313504,10303.49866,286.4153843
2021-12-19,22209020,24196,617601,910,165417886,215313504,10314.73623,286.8380239
2021-12-20,22209020,0,617601,0,165471288,215313504,10314.73623,286.8380239
2021-12-21,22209020,0,617601,0,165554570,215313504,10314.73623,286.8380239
2021-12-22,22209020,0,617601,0,165836442,215313504,10314.73623,286.8380239
2021-12-23,22209020,0,617601,0,165894312,215313504,10314.73623,286.8380239
2021-12-24,22209020,0,617601,0,,215313504,10314.73623,286.8380239
2021-12-25,22209020,0,617601,0,,215313504,10314.73623,286.8380239
2021-12-26,22230737,21717,618392,791,,215313504,10324.82245,287.2053952
2021-12-27,22230737,0,618392,0,165952037,215313504,10324.82245,287.2053952
2021-12-28,22230737,0,618392,0,166062249,215313504,10324.82245,287.2053952
2021-12-29,22230737,0,618392,0,166143380,215313504,10324.82245,287.2053952
2021-12-30,22230737,0,618392,0,166185628,215313504,10324.82245,287.2053952
2021-12-31,22230737,0,618392,0,166195505,215313504,10324.82245,287.2053952
2022-01-01,22230737,0,618392,0,166199307,215313504,10324.82245,287.2053952
2022-01-02,22287521,56784,619056,664,166206716,215313504,10351.19516,287.5137827
2022-01-03,22287521,0,619056,0,166320650,215313504,10351.19516,287.5137827
2022-01-04,22287521,0,619056,0,166426973,215313504,10351.19516,287.5137827
2022-01-05,22287521,0,619056,0,166475764,215313504,10351.19516,287.5137827
2022-01-06,22287521,0,619056,0,,215313504,10351.19516,287.5137827
2022-01-07,22287521,0,619056,0,,215313504,10351.19516,287.5137827
2022-01-08,22287521,0,619056,0,,215313504,10351.19516,287.5137827
2022-01-09,22450222,162701,619822,766,166618516,215313504,10426.75986,287.869543
2022-01-10,22450222,0,619822,0,166713275,215313504,10426.75986,287.869543
2022-01-11,22450222,0,619822,0,166769657,215313504,10426.75986,287.869543
2022-01-12,22450222,0,619822,0,166772188,215313504,10426.75986,287.869543
2022-01-13,22450222,0,619822,0,166833338,215313504,10426.75986,287.869543
2022-01-14,22450222,0,619822,0,166870347,215313504,10426.75986,287.869543
2022-01-15,22450222,0,619822,0,166909237,215313504,10426.75986,287.869543
2022-01-16,22927203,476981,620796,974,167093156,215313504,10648.28846,288.3219066
2022-01-17,22927203,0,620796,0,167330250,215313504,10648.28846,288.3219066
2022-01-18,22927203,0,620796,0,167385859,215313504,10648.28846,288.3219066
2022-01-19,22927203,0,620796,0,167547304,215313504,10648.28846,288.3219066
2022-01-20,22927203,0,620796,0,167751970,215313504,10648.28846,288.3219066
2022-01-21,22927203,0,620796,0,167875050,215313504,10648.28846,288.3219066
2022-01-22,22927203,0,620796,0,168014778,215313504,10648.28846,288.3219066
2022-01-23,23751782,824579,622563,1767,168090877,215313504,11031.25515,289.1425705
2022-01-24,23751782,0,622563,0,168341120,215313504,11031.25515,289.1425705
2022-01-25,23751782,0,622563,0,168546490,215313504,11031.25515,289.1425705
2022-01-26,23751782,0,622563,0,168921071,215313504,11031.25515,289.1425705
2022-01-27,23751782,0,622563,0,169261105,215313504,11031.25515,289.1425705
2022-01-28,23751782,0,622563,0,169619416,215313504,11031.25515,289.1425705
2022-01-29,23751782,0,622563,0,169825847,215313504,11031.25515,289.1425705
2022-01-30,25034806,1283024,625884,3321,169865538,215313504,11627.1416,290.6849726
2022-01-31,25034806,0,625884,0,170322125,215313504,11627.1416,290.6849726
2022-02-01,25034806,0,625884,0,170599221,215313504,11627.1416,290.6849726
2022-02-02,25034806,0,625884,0,170911850,215313504,11627.1416,290.6849726
2022-02-03,25034806,0,625884,0,171219037,215313504,11627.1416,290.6849726
2022-02-04,25034806,0,625884,0,171783306,215313504,11627.1416,290.6849726
2022-02-05,25034806,0,625884,0,172107474,215313504,11627.1416,290.6849726
2022-02-06,26275831,1241025,630494,4610,172186641,215313504,12203.52208,292.8260366
2022-02-07,26275831,0,630494,0,172652514,215313504,12203.52208,292.8260366
2022-02-08,26275831,0,630494,0,172885945,215313504,12203.52208,292.8260366
2022-02-09,26275831,0,630494,0,172995877,215313504,12203.52208,292.8260366
2022-02-10,26275831,0,630494,0,173402815,215313504,12203.52208,292.8260366
2022-02-11,26275831,0,630494,0,173901090,215313504,12203.52208,292.8260366
2022-02-12,26275831,0,630494,0,174117725,215313504,12203.52208,292.8260366
2022-02-13,27285509,1009678,637152,6658,174214439,215313504,12672.45597,295.9182718
2022-02-14,27285509,0,637152,0,174420792,215313504,12672.45597,295.9182718
2022-02-15,27285509,0,637152,0,174665423,215313504,12672.45597,295.9182718
2022-02-16,27285509,0,637152,0,174949012,215313504,12672.45597,295.9182718
2022-02-17,27285509,0,637152,0,175209007,215313504,12672.45597,295.9182718
2022-02-18,27285509,0,637152,0,175933938,215313504,12672.45597,295.9182718
2022-02-19,27285509,0,637152,0,176141497,215313504,12672.45597,295.9182718
2022-02-20,28058862,773353,643029,5877,176222268,215313504,13031.63131,298.6477801
2022-02-21,28058862,0,643029,0,176406587,215313504,13031.63131,298.6477801
2022-02-22,28058862,0,643029,0,176625569,215313504,13031.63131,298.6477801
2022-02-23,28058862,0,643029,0,176920320,215313504,13031.63131,298.6477801
2022-02-24,28058862,0,643029,0,177174489,215313504,13031.63131,298.6477801
2022-02-25,28058862,0,643029,0,177448925,215313504,13031.63131,298.6477801
2022-02-26,28058862,0,643029,0,177544796,215313504,13031.63131,298.6477801
2022-02-27,28578647,519785,647390,4361,177579708,215313504,13273.03976,300.6731988
2022-02-28,28578647,0,647390,0,177742258,215313504,13273.03976,300.6731988
2022-03-01,28578647,0,647390,0,177836868,215313504,13273.03976,300.6731988
2022-03-02,28578647,0,647390,0,,215313504,13273.03976,300.6731988
2022-03-03,28578647,0,647390,0,177987744,215313504,13273.03976,300.6731988
2022-03-04,28578647,0,647390,0,178113009,215313504,13273.03976,300.6731988
2022-03-05,28578647,0,647390,0,178203894,215313504,13273.03976,300.6731988
2022-03-06,28973799,395152,651255,3865,178245534,215313504,13456.56378,302.4682558
2022-03-07,28973799,0,651255,0,178366451,215313504,13456.56378,302.4682558
2022-03-08,28973799,0,651255,0,178486274,215313504,13456.56378,302.4682558
2022-03-09,28973799,0,651255,0,178657742,215313504,13456.56378,302.4682558
2022-03-10,28973799,0,651255,0,179288492,215313504,13456.56378,302.4682558
2022-03-11,28973799,0,651255,0,179411783,215313504,13456.56378,302.4682558
2022-03-12,28973799,0,651255,0,179715577,215313504,13456.56378,302.4682558
2022-03-13,29305114,331315,654556,3301,179754579,215313504,13610.43941,304.0013691
2022-03-14,29305114,0,654556,0,179853602,215313504,13610.43941,304.0013691
2022-03-15,29305114,0,654556,0,179913614,215313504,13610.43941,304.0013691
2022-03-16,29305114,0,654556,0,180005705,215313504,13610.43941,304.0013691
2022-03-17,29305114,0,654556,0,180093699,215313504,13610.43941,304.0013691
2022-03-18,29305114,0,654556,0,180265232,215313504,13610.43941,304.0013691
2022-03-19,29305114,0,654556,0,180341198,215313504,13610.43941,304.0013691
2022-03-20,29573112,267998,656798,2242,180360121,215313504,13734.90815,305.0426414
2022-03-21,29573112,0,656798,0,180469257,215313504,13734.90815,305.0426414
2022-03-22,29573112,0,656798,0,180523619,215313504,13734.90815,305.0426414
2022-03-23,29573112,0,656798,0,180592464,215313504,13734.90815,305.0426414
2022-03-24,29573112,0,656798,0,180653782,215313504,13734.90815,305.0426414
2022-03-25,29573112,0,656798,0,180726798,215313504,13734.90815,305.0426414
2022-03-26,29573112,0,656798,0,180757995,215313504,13734.90815,305.0426414
2022-03-27,29802257,229145,658566,1768,180800024,215313504,13841.33203,305.8637697
2022-03-28,29802257,0,658566,0,180881628,215313504,13841.33203,305.8637697
2022-03-29,29802257,0,658566,0,181078067,215313504,13841.33203,305.8637697
2022-03-30,29802257,0,658566,0,181174361,215313504,13841.33203,305.8637697
2022-03-31,29802257,0,658566,0,181233281,215313504,13841.33203,305.8637697
2022-04-01,29802257,0,658566,0,,215313504,13841.33203,305.8637697
2022-04-02,29802257,0,658566,0,,215313504,13841.33203,305.8637697
2022-04-03,29975165,172908,660002,1436,181342972,215313504,13921.63726,306.5307042
2022-04-04,29975165,0,660002,0,181374540,215313504,13921.63726,306.5307042
2022-04-05,29975165,0,660002,0,181451944,215313504,13921.63726,306.5307042
2022-04-06,29975165,0,660002,0,181544315,215313504,13921.63726,306.5307042
2022-04-07,29975165,0,660002,0,181596648,215313504,13921.63726,306.5307042
2022-04-08,29975165,0,660002,0,181652995,215313504,13921.63726,306.5307042
2022-04-09,29975165,0,660002,0,181687021,215313504,13921.63726,306.5307042
2022-04-10,30123963,148798,661122,1120,181702093,215313504,13990.74486,307.0508759
2022-04-11,30123963,0,661122,0,181755180,215313504,13990.74486,307.0508759
2022-04-12,30123963,0,661122,0,181810164,215313504,13990.74486,307.0508759
2022-04-13,30123963,0,661122,0,181841381,215313504,13990.74486,307.0508759
2022-04-14,30123963,0,661122,0,181894974,215313504,13990.74486,307.0508759
2022-04-15,30123963,0,661122,0,,215313504,13990.74486,307.0508759
2022-04-16,30123963,0,661122,0,,215313504,13990.74486,307.0508759
2022-04-17,30247302,123339,661907,785,181975535,215313504,14048.02831,307.4154606
2022-04-18,30247302,0,661907,0,182010643,215313504,14048.02831,307.4154606
2022-04-19,30247302,0,661907,0,182287352,215313504,14048.02831,307.4154606
2022-04-20,30247302,0,661907,0,182324186,215313504,14048.02831,307.4154606
2022-04-21,30247302,0,661907,0,182365678,215313504,14048.02831,307.4154606
2022-04-22,30247302,0,661907,0,,215313504,14048.02831,307.4154606
2022-04-23,30247302,0,661907,0,182395741,215313504,14048.02831,307.4154606
2022-04-24,30338697,91395,662557,650,182395817,215313504,14090.47572,307.717346
2022-04-25,30338697,0,662557,0,182426996,215313504,14090.47572,307.717346
2022-04-26,30338697,0,662557,0,182455170,215313504,14090.47572,307.717346
2022-04-27,30338697,0,662557,0,182519774,215313504,14090.47572,307.717346
2022-04-28,30338697,0,662557,0,182563727,215313504,14090.47572,307.717346
2022-04-29,30338697,0,662557,0,182599066,215313504,14090.47572,307.717346
2022-04-30,30338697,0,662557,0,,215313504,14090.47572,307.717346
2022-05-01,30433042,94345,663410,853,182623313,215313504,14134.29322,308.1135125
2022-05-02,30433042,0,663410,0,182665767,215313504,14134.29322,308.1135125
2022-05-03,30433042,0,663410,0,182707626,215313504,14134.29322,308.1135125
2022-05-04,30433042,0,663410,0,182778371,215313504,14134.29322,308.1135125
2022-05-05,30433042,0,663410,0,182800351,215313504,14134.29322,308.1135125
2022-05-06,30433042,0,663410,0,182850462,215313504,14134.29322,308.1135125
2022-05-07,30433042,0,663410,0,182860122,215313504,14134.29322,308.1135125
2022-05-08,30543908,110866,664091,681,182871051,215313504,14185.78372,308.4297955
2022-05-09,30543908,0,664091,0,182895357,215313504,14185.78372,308.4297955
2022-05-10,30543908,0,664091,0,182912971,215313504,14185.78372,308.4297955
2022-05-11,30543908,0,664091,0,183059675,215313504,14185.78372,308.4297955
2022-05-12,30543908,0,664091,0,183119662,215313504,14185.78372,308.4297955
2022-05-13,30543908,0,664091,0,183131850,215313504,14185.78372,308.4297955
2022-05-14,30543908,0,664091,0,183134052,215313504,14185.78372,308.4297955
2022-05-15,30664739,120831,664780,689,183135100,215313504,14241.90236,308.749794
2022-05-16,30664739,0,664780,0,183142928,215313504,14241.90236,308.749794
2022-05-17,30664739,0,664780,0,,215313504,14241.90236,308.749794
2022-05-18,30664739,0,664780,0,183205522,215313504,14241.90236,308.749794
2022-05-19,30664739,0,664780,0,183241820,215313504,14241.90236,308.749794
2022-05-20,30664739,0,664780,0,183251237,215313504,14241.90236,308.749794
2022-05-21,30664739,0,664780,0,183256110,215313504,14241.90236,308.749794
2022-05-22,30762413,97674,665493,713,,215313504,14287.26598,309.080939
2022-05-23,30762413,0,665493,0,,215313504,14287.26598,309.080939
2022-05-24,30762413,0,665493,0,,215313504,14287.26598,309.080939
2022-05-25,30762413,0,665493,0,,215313504,14287.26598,309.080939
2022-05-26,30762413,0,665493,0,183699529,215313504,14287.26598,309.080939
2022-05-27,30762413,0,665493,0,183815081,215313504,14287.26598,309.080939
2022-05-28,30762413,0,665493,0,183853208,215313504,14287.26598,309.080939
2022-05-29,30921145,158732,666319,826,183859105,215313504,14360.98732,309.4645657
2022-05-30,30921145,0,666319,0,183885189,215313504,14360.98732,309.4645657
2022-05-31,30921145,0,666319,0,183894671,215313504,14360.98732,309.4645657
2022-06-01,30921145,0,666319,0,183925335,215313504,14360.98732,309.4645657
2022-06-02,30921145,0,666319,0,,215313504,14360.98732,309.4645657
2022-06-03,30921145,0,666319,0,184018923,215313504,14360.98732,309.4645657
2022-06-04,30921145,0,666319,0,184062381,215313504,14360.98732,309.4645657
2022-06-05,31137479,216334,666971,652,184077691,215313504,14461.46127,309.7673799
2022-06-06,31137479,0,666971,0,184091855,215313504,14461.46127,309.7673799
2022-06-07,31137479,0,666971,0,184130468,215313504,14461.46127,309.7673799
2022-06-08,31137479,0,666971,0,184150383,215313504,14461.46127,309.7673799
2022-06-09,31137479,0,666971,0,184254911,215313504,14461.46127,309.7673799
2022-06-10,31137479,0,666971,0,,215313504,14461.46127,309.7673799
2022-06-11,31137479,0,666971,0,184281808,215313504,14461.46127,309.7673799
2022-06-12,31417341,279862,667960,989,184286899,215313504,14591.44012,310.2267102
2022-06-13,31417341,0,667960,0,184298439,215313504,14591.44012,310.2267102
2022-06-14,31417341,0,667960,0,184321008,215313504,14591.44012,310.2267102
2022-06-15,31417341,0,667960,0,184337124,215313504,14591.44012,310.2267102
2022-06-16,31417341,0,667960,0,184418250,215313504,14591.44012,310.2267102
2022-06-17,31417341,0,667960,0,184424410,215313504,14591.44012,310.2267102
2022-06-18,31417341,0,667960,0,184431840,215313504,14591.44012,310.2267102
2022-06-19,31673375,256034,668916,956,184433745,215313504,14710.35231,310.6707139
2022-06-20,31673375,0,668916,0,184456417,215313504,14710.35231,310.6707139
2022-06-21,31673375,0,668916,0,184483215,215313504,14710.35231,310.6707139
2022-06-22,31673375,0,668916,0,184509247,215313504,14710.35231,310.6707139
2022-06-23,31673375,0,668916,0,184537975,215313504,14710.35231,310.6707139
2022-06-24,31673375,0,668916,0,184552936,215313504,14710.35231,310.6707139
2022-06-25,31673375,0,668916,0,184554559,215313504,14710.35231,310.6707139
2022-06-26,32023166,349791,670229,1313,184557755,215313504,14872.80891,311.2805224
2022-06-27,32023166,0,670229,0,184574635,215313504,14872.80891,311.2805224
2022-06-28,32023166,0,670229,0,,215313504,14872.80891,311.2805224
2022-06-29,32023166,0,670229,0,184662547,215313504,14872.80891,311.2805224
2022-06-30,32023166,0,670229,0,184682893,215313504,14872.80891,311.2805224
2022-07-01,32023166,0,670229,0,184737131,215313504,14872.80891,311.2805224
2022-07-02,32023166,0,670229,0,184748472,215313504,14872.80891,311.2805224
2022-07-03,32434063,410897,671700,1471,184764593,215313504,15063.64552,311.9637122
2022-07-04,32434063,0,671700,0,184786423,215313504,15063.64552,311.9637122
2022-07-05,32434063,0,671700,0,184808029,215313504,15063.64552,311.9637122
2022-07-06,32434063,0,671700,0,,215313504,15063.64552,311.9637122
2022-07-07,32434063,0,671700,0,184864012,215313504,15063.64552,311.9637122
2022-07-08,32434063,0,671700,0,,215313504,15063.64552,311.9637122
2022-07-09,32434063,0,671700,0,184886392,215313504,15063.64552,311.9637122
2022-07-10,32830844,396781,673339,1639,184888876,215313504,15247.92611,312.7249278
2022-07-11,32830844,0,673339,0,184902655,215313504,15247.92611,312.7249278
2022-07-12,32830844,0,673339,0,,215313504,15247.92611,312.7249278
2022-07-13,32830844,0,673339,0,184922668,215313504,15247.92611,312.7249278
2022-07-14,32830844,0,673339,0,184951661,215313504,15247.92611,312.7249278
2022-07-15,32830844,0,673339,0,,215313504,15247.92611,312.7249278
2022-07-16,32830844,0,673339,0,184973979,215313504,15247.92611,312.7249278
2022-07-17,33250117,419273,675090,1751,184976830,215313504,15442.65287,313.5381606
2022-07-18,33250117,0,675090,0,,215313504,15442.65287,313.5381606
2022-07-19,33250117,0,675090,0,,215313504,15442.65287,313.5381606
2022-07-20,33250117,0,675090,0,,215313504,15442.65287,313.5381606
2022-07-21,33250117,0,675090,0,,215313504,15442.65287,313.5381606
2022-07-22,33250117,0,675090,0,,215313504,15442.65287,313.5381606
2022-07-23,33250117,0,675090,0,,215313504,15442.65287,313.5381606
2022-07-24,33505727,255610,676486,1396,185208286,215313504,15561.36813,314.1865175
2022-07-25,33505727,0,676486,0,,215313504,15561.36813,314.1865175
2022-07-26,33505727,0,676486,0,,215313504,15561.36813,314.1865175
2022-07-27,33505727,0,676486,0,,215313504,15561.36813,314.1865175
2022-07-28,33505727,0,676486,0,,215313504,15561.36813,314.1865175
2022-07-29,33505727,0,676486,0,,215313504,15561.36813,314.1865175
2022-07-30,33505727,0,676486,0,,215313504,15561.36813,314.1865175
2022-07-31,33790698,284971,678313,1827,,215313504,15693.7198,315.0350477
2022-08-01,33790698,0,678313,0,,215313504,15693.7198,315.0350477
2022-08-02,33790698,0,678313,0,,215313504,15693.7198,315.0350477
2022-08-03,33790698,0,678313,0,,215313504,15693.7198,315.0350477
2022-08-04,33790698,0,678313,0,,215313504,15693.7198,315.0350477
2022-08-05,33790698,0,678313,0,,215313504,15693.7198,315.0350477
2022-08-06,33790698,0,678313,0,,215313504,15693.7198,315.0350477
2022-08-07,33994470,203772,679758,1445,,215313504,15788.35947,315.7061621
2022-08-08,33994470,0,679758,0,185834527,215313504,15788.35947,315.7061621
2022-08-09,33994470,0,679758,0,185856818,215313504,15788.35947,315.7061621
2022-08-10,33994470,0,679758,0,185892530,215313504,15788.35947,315.7061621
2022-08-11,33994470,0,679758,0,185920530,215313504,15788.35947,315.7061621
2022-08-12,33994470,0,679758,0,185975699,215313504,15788.35947,315.7061621
2022-08-13,33994470,0,679758,0,,215313504,15788.35947,315.7061621
2022-08-14,34148131,153661,681253,1495,185993496,215313504,15859.72564,316.4004985
2022-08-15,34148131,0,681253,0,186014159,215313504,15859.72564,316.4004985
2022-08-16,34148131,0,681253,0,,215313504,15859.72564,316.4004985
2022-08-17,34148131,0,681253,0,,215313504,15859.72564,316.4004985
2022-08-18,34148131,0,681253,0,186100433,215313504,15859.72564,316.4004985
2022-08-19,34148131,0,681253,0,186112320,215313504,15859.72564,316.4004985
2022-08-20,34148131,0,681253,0,186147547,215313504,15859.72564,316.4004985
2022-08-21,34264237,116106,682358,1105,186159303,215313504,15913.6498,316.9137037
2022-08-22,34264237,0,682358,0,186176638,215313504,15913.6498,316.9137037
2022-08-23,34264237,0,682358,0,186302961,215313504,15913.6498,316.9137037
2022-08-24,34264237,0,682358,0,186358100,215313504,15913.6498,316.9137037
2022-08-25,34264237,0,682358,0,186374962,215313504,15913.6498,316.9137037
2022-08-26,34264237,0,682358,0,186397361,215313504,15913.6498,316.9137037
2022-08-27,34264237,0,682358,0,186406003,215313504,15913.6498,316.9137037
2022-08-28,34368909,104672,683397,1039,186406388,215313504,15962.26357,317.3962558
2022-08-29,34368909,0,683397,0,186476296,215313504,15962.26357,317.3962558
2022-08-30,34368909,0,683397,0,186491119,215313504,15962.26357,317.3962558
2022-08-31,34368909,0,683397,0,186519881,215313504,15962.26357,317.3962558
2022-09-01,34368909,0,683397,0,186542426,215313504,15962.26357,317.3962558
2022-09-02,34368909,0,683397,0,186558432,215313504,15962.26357,317.3962558
2022-09-03,34368909,0,683397,0,186578811,215313504,15962.26357,317.3962558
2022-09-04,34456145,87236,684262,865,186583216,215313504,16002.77937,317.7979956
2022-09-05,34456145,0,684262,0,186590349,215313504,16002.77937,317.7979956
2022-09-06,34456145,0,684262,0,186618522,215313504,16002.77937,317.7979956
2022-09-07,34456145,0,684262,0,186624508,215313504,16002.77937,317.7979956
2022-09-08,34456145,0,684262,0,186632925,215313504,16002.77937,317.7979956
2022-09-09,34456145,0,684262,0,186656503,215313504,16002.77937,317.7979956
2022-09-10,34456145,0,684262,0,186663841,215313504,16002.77937,317.7979956
2022-09-11,34516739,60594,684813,551,186665783,215313504,16030.92159,318.0539015
2022-09-12,34516739,0,684813,0,186674424,215313504,16030.92159,318.0539015
2022-09-13,34516739,0,684813,0,186715084,215313504,16030.92159,318.0539015
2022-09-14,34516739,0,684813,0,186735750,215313504,16030.92159,318.0539015
2022-09-15,34516739,0,684813,0,186749395,215313504,16030.92159,318.0539015
2022-09-16,34516739,0,684813,0,186763817,215313504,16030.92159,318.0539015
2022-09-17,34516739,0,684813,0,186779155,215313504,16030.92159,318.0539015
2022-09-18,34579085,62346,685300,487,186784356,215313504,16059.87751,318.2800834
2022-09-19,34579085,0,685300,0,186794251,215313504,16059.87751,318.2800834
2022-09-20,34579085,0,685300,0,186802634,215313504,16059.87751,318.2800834
2022-09-21,34579085,0,685300,0,186822935,215313504,16059.87751,318.2800834
2022-09-22,34579085,0,685300,0,,215313504,16059.87751,318.2800834
2022-09-23,34579085,0,685300,0,186857554,215313504,16059.87751,318.2800834
2022-09-24,34579085,0,685300,0,186866076,215313504,16059.87751,318.2800834
2022-09-25,34624427,45342,685750,450,186868669,215313504,16080.9361,318.4890809
2022-09-26,34624427,0,685750,0,187303916,215313504,16080.9361,318.4890809
2022-09-27,34624427,0,685750,0,187313182,215313504,16080.9361,318.4890809
2022-09-28,34624427,0,685750,0,187327659,215313504,16080.9361,318.4890809
2022-09-29,34624427,0,685750,0,,215313504,16080.9361,318.4890809
2022-09-30,34624427,0,685750,0,,215313504,16080.9361,318.4890809
2022-10-01,34624427,0,685750,0,,215313504,16080.9361,318.4890809
2022-10-02,34672524,48097,686036,286,,215313504,16103.27423,318.6219105
2022-10-03,34672524,0,686036,0,,215313504,16103.27423,318.6219105
2022-10-04,34672524,0,686036,0,,215313504,16103.27423,318.6219105
2022-10-05,34672524,0,686036,0,,215313504,16103.27423,318.6219105
2022-10-06,34672524,0,686036,0,,215313504,16103.27423,318.6219105
2022-10-07,34672524,0,686036,0,187376439,215313504,16103.27423,318.6219105
2022-10-08,34672524,0,686036,0,187376439,215313504,16103.27423,318.6219105
2022-10-09,34715137,42613,686803,767,187376439,215313504,16123.06537,318.9781352
2022-10-10,34715137,0,686803,0,187377009,215313504,16123.06537,318.9781352
2022-10-11,34715137,0,686803,0,187377009,215313504,16123.06537,318.9781352
2022-10-12,34715137,0,686803,0,,215313504,16123.06537,318.9781352
2022-10-13,34715137,0,686803,0,187385383,215313504,16123.06537,318.9781352
2022-10-14,34715137,0,686803,0,187385383,215313504,16123.06537,318.9781352
2022-10-15,34715137,0,686803,0,187385383,215313504,16123.06537,318.9781352
2022-10-16,34746462,31325,687144,341,187385383,215313504,16137.61392,319.136509
2022-10-17,34746462,0,687144,0,187385383,215313504,16137.61392,319.136509
2022-10-18,34746462,0,687144,0,187385670,215313504,16137.61392,319.136509
2022-10-19,34746462,0,687144,0,187385670,215313504,16137.61392,319.136509
2022-10-20,34746462,0,687144,0,187385670,215313504,16137.61392,319.136509
2022-10-21,34746462,0,687144,0,187385670,215313504,16137.61392,319.136509
2022-10-22,34746462,0,687144,0,187385670,215313504,16137.61392,319.136509
2022-10-23,34780642,34180,687527,383,187385670,215313504,16153.48845,319.3143891
2022-10-24,34780642,0,687527,0,187385670,215313504,16153.48845,319.3143891
2022-10-25,34780642,0,687527,0,187385670,215313504,16153.48845,319.3143891
2022-10-26,34780642,0,687527,0,187385670,215313504,16153.48845,319.3143891
2022-10-27,34780642,0,687527,0,187385670,215313504,16153.48845,319.3143891
2022-10-28,34780642,0,687527,0,187385670,215313504,16153.48845,319.3143891
2022-10-29,34780642,0,687527,0,,215313504,16153.48845,319.3143891
2022-10-30,34822227,41585,688080,553,,215313504,16172.80215,319.5712239
2022-10-31,34822227,0,688080,0,187385670,215313504,16172.80215,319.5712239
2022-11-01,34822227,0,688080,0,187385670,215313504,16172.80215,319.5712239
2022-11-02,34822227,0,688080,0,187385670,215313504,16172.80215,319.5712239
2022-11-03,34822227,0,688080,0,,215313504,16172.80215,319.5712239
2022-11-04,34822227,0,688080,0,187397453,215313504,16172.80215,319.5712239
2022-11-05,34822227,0,688080,0,,215313504,16172.80215,319.5712239
2022-11-06,34849063,26836,688332,252,,215313504,16185.26583,319.6882626
2022-11-07,34849063,0,688332,0,,215313504,16185.26583,319.6882626
2022-11-08,34849063,0,688332,0,,215313504,16185.26583,319.6882626
2022-11-09,34849063,0,688332,0,187399523,215313504,16185.26583,319.6882626
2022-11-10,34849063,0,688332,0,,215313504,16185.26583,319.6882626
2022-11-11,34849063,0,688332,0,187399523,215313504,16185.26583,319.6882626
2022-11-12,34849063,0,688332,0,,215313504,16185.26583,319.6882626
2022-11-13,34908198,59135,688656,324,,215313504,16212.73044,319.8387408
2022-11-14,34908198,0,688656,0,187399523,215313504,16212.73044,319.8387408
2022-11-15,34908198,0,688656,0,,215313504,16212.73044,319.8387408
2022-11-16,34908198,0,688656,0,187678650,215313504,16212.73044,319.8387408
2022-11-17,34908198,0,688656,0,,215313504,16212.73044,319.8387408
2022-11-18,34908198,0,688656,0,187678650,215313504,16212.73044,319.8387408
2022-11-19,34908198,0,688656,0,187678650,215313504,16212.73044,319.8387408
2022-11-20,34999495,91297,688907,251,187678650,215313504,16255.13233,319.955315
2022-11-21,34999495,0,688907,0,187678650,215313504,16255.13233,319.955315
2022-11-22,34999495,0,688907,0,187678650,215313504,16255.13233,319.955315
2022-11-23,34999495,0,688907,0,187678650,215313504,16255.13233,319.955315
2022-11-24,34999495,0,688907,0,187678650,215313504,16255.13233,319.955315
2022-11-25,34999495,0,688907,0,187678650,215313504,16255.13233,319.955315
2022-11-26,34999495,0,688907,0,187678650,215313504,16255.13233,319.955315
2022-11-27,35149503,150008,689442,535,187678650,215313504,16324.8019,320.2037899
2022-11-28,35149503,0,689442,0,,215313504,16324.8019,320.2037899
2022-11-29,35149503,0,689442,0,187998595,215313504,16324.8019,320.2037899
2022-11-30,35149503,0,689442,0,188048984,215313504,16324.8019,320.2037899
2022-12-01,35149503,0,689442,0,188065384,215313504,16324.8019,320.2037899
2022-12-02,35149503,0,689442,0,,215313504,16324.8019,320.2037899
2022-12-03,35149503,0,689442,0,188075040,215313504,16324.8019,320.2037899
2022-12-04,35337546,188043,690074,632,188077016,215313504,16412.13642,320.4973154
2022-12-05,35337546,0,690074,0,188083919,215313504,16412.13642,320.4973154
2022-12-06,35337546,0,690074,0,,215313504,16412.13642,320.4973154
2022-12-07,35337546,0,690074,0,188104952,215313504,16412.13642,320.4973154
2022-12-08,35337546,0,690074,0,,215313504,16412.13642,320.4973154
2022-12-09,35337546,0,690074,0,188112150,215313504,16412.13642,320.4973154
2022-12-10,35337546,0,690074,0,188116781,215313504,16412.13642,320.4973154
2022-12-11,35531716,194170,690677,603,188118034,215313504,16502.31655,320.7773721
2022-12-12,35531716,0,690677,0,188125449,215313504,16502.31655,320.7773721
2022-12-13,35531716,0,690677,0,188132532,215313504,16502.31655,320.7773721
2022-12-14,35531716,0,690677,0,,215313504,16502.31655,320.7773721
2022-12-15,35531716,0,690677,0,188133937,215313504,16502.31655,320.7773721
2022-12-16,35531716,0,690677,0,188305261,215313504,16502.31655,320.7773721
2022-12-17,35531716,0,690677,0,188309744,215313504,16502.31655,320.7773721
2022-12-18,35869526,337810,691810,1133,188522819,215313504,16659.2087,321.3035816
2022-12-19,35869526,0,691810,0,,215313504,16659.2087,321.3035816
2022-12-20,35869526,0,691810,0,188527208,215313504,16659.2087,321.3035816
2022-12-21,35869526,0,691810,0,,215313504,16659.2087,321.3035816
2022-12-22,35869526,0,691810,0,188531378,215313504,16659.2087,321.3035816
2022-12-23,35869526,0,691810,0,188531674,215313504,16659.2087,321.3035816
2022-12-24,35869526,0,691810,0,188540709,215313504,16659.2087,321.3035816
2022-12-25,36124337,254811,692743,933,188543080,215313504,16777.55288,321.7369032
2022-12-26,36124337,0,692743,0,188543313,215313504,16777.55288,321.7369032
2022-12-27,36124337,0,692743,0,188549744,215313504,16777.55288,321.7369032
2022-12-28,36124337,0,692743,0,,215313504,16777.55288,321.7369032
2022-12-29,36124337,0,692743,0,188552661,215313504,16777.55288,321.7369032
2022-12-30,36124337,0,692743,0,188553047,215313504,16777.55288,321.7369032
2022-12-31,36124337,0,692743,0,188553932,215313504,16777.55288,321.7369032
2023-01-01,36331281,206944,693853,1110,188553963,215313504,16873.66576,322.2524306
2023-01-02,36331281,0,693853,0,,215313504,16873.66576,322.2524306
2023-01-03,36331281,0,693853,0,188564151,215313504,16873.66576,322.2524306
2023-01-04,36331281,0,693853,0,188566405,215313504,16873.66576,322.2524306
2023-01-05,36331281,0,693853,0,,215313504,16873.66576,322.2524306
2023-01-06,36331281,0,693853,0,188808652,215313504,16873.66576,322.2524306
2023-01-07,36331281,0,693853,0,188815642,215313504,16873.66576,322.2524306
2023-01-08,36477214,145933,694779,926,188819345,215313504,16941.44274,322.6825011
2023-01-09,36477214,0,694779,0,188819368,215313504,16941.44274,322.6825011
2023-01-10,36477214,0,694779,0,188819559,215313504,16941.44274,322.6825011
2023-01-11,36477214,0,694779,0,188820856,215313504,16941.44274,322.6825011
2023-01-12,36477214,0,694779,0,188821214,215313504,16941.44274,322.6825011
2023-01-13,36477214,0,694779,0,188821563,215313504,16941.44274,322.6825011
2023-01-14,36477214,0,694779,0,188821768,215313504,16941.44274,322.6825011
2023-01-15,36597935,120721,695236,457,188821957,215313504,16997.51029,322.8947498
2023-01-16,36597935,0,695236,0,188821982,215313504,16997.51029,322.8947498
2023-01-17,36597935,0,695236,0,188943731,215313504,16997.51029,322.8947498
2023-01-18,36597935,0,695236,0,188944039,215313504,16997.51029,322.8947498
2023-01-19,36597935,0,695236,0,188944306,215313504,16997.51029,322.8947498
2023-01-20,36597935,0,695236,0,,215313504,16997.51029,322.8947498
2023-01-21,36597935,0,695236,0,188953216,215313504,16997.51029,322.8947498
2023-01-22,36712851,114916,696188,952,188953257,215313504,17050.88177,323.3368958
2023-01-23,36712851,0,696188,0,,215313504,17050.88177,323.3368958
2023-01-24,36712851,0,696188,0,188953386,215313504,17050.88177,323.3368958
2023-01-25,36712851,0,696188,0,189041040,215313504,17050.88177,323.3368958
2023-01-26,36712851,0,696188,0,189044894,215313504,17050.88177,323.3368958
2023-01-27,36712851,0,696188,0,189046880,215313504,17050.88177,323.3368958
2023-01-28,36712851,0,696188,0,189047042,215313504,17050.88177,323.3368958
2023-01-29,36791267,78416,696742,554,189047050,215313504,17087.30122,323.594195
2023-01-30,36791267,0,696742,0,,215313504,17087.30122,323.594195
2023-01-31,36791267,0,696742,0,189047444,215313504,17087.30122,323.594195
2023-02-01,36791267,0,696742,0,,215313504,17087.30122,323.594195
2023-02-02,36791267,0,696742,0,189052588,215313504,17087.30122,323.594195
2023-02-03,36791267,0,696742,0,189086622,215313504,17087.30122,323.594195
2023-02-04,36791267,0,696742,0,189086800,215313504,17087.30122,323.594195
2023-02-05,36866658,75391,697345,603,189087256,215313504,17122.31575,323.8742518
2023-02-06,36866658,0,697345,0,,215313504,17122.31575,323.8742518
2023-02-07,36866658,0,697345,0,189096899,215313504,17122.31575,323.8742518
2023-02-08,36866658,0,697345,0,189097459,215313504,17122.31575,323.8742518
2023-02-09,36866658,0,697345,0,,215313504,17122.31575,323.8742518
2023-02-10,36866658,0,697345,0,,215313504,17122.31575,323.8742518
2023-02-11,36866658,0,697345,0,189146039,215313504,17122.31575,323.8742518
2023-02-12,36930339,63681,697662,317,,215313504,17151.89169,324.0214789
2023-02-13,36930339,0,697662,0,189162407,215313504,17151.89169,324.0214789
2023-02-14,36930339,0,697662,0,189162761,215313504,17151.89169,324.0214789
2023-02-15,36930339,0,697662,0,189170510,215313504,17151.89169,324.0214789
2023-02-16,36930339,0,697662,0,189170568,215313504,17151.89169,324.0214789
2023-02-17,36930339,0,697662,0,189171357,215313504,17151.89169,324.0214789
2023-02-18,36930339,0,697662,0,,215313504,17151.89169,324.0214789
2023-02-19,36987682,57343,698047,385,189171428,215313504,17178.52402,324.200288
2023-02-20,36987682,0,698047,0,189171452,215313504,17178.52402,324.200288
2023-02-21,36987682,0,698047,0,189314041,215313504,17178.52402,324.200288
2023-02-22,36987682,0,698047,0,,215313504,17178.52402,324.200288
2023-02-23,36987682,0,698047,0,,215313504,17178.52402,324.200288
2023-02-24,36987682,0,698047,0,189314745,215313504,17178.52402,324.200288
2023-02-25,36987682,0,698047,0,,215313504,17178.52402,324.200288
2023-02-26,37020531,32849,698928,881,189315252,215313504,17193.78038,324.6094588
2023-02-27,37020531,0,698928,0,,215313504,17193.78038,324.6094588
2023-02-28,37020531,0,698928,0,189377950,215313504,17193.78038,324.6094588
2023-03-01,37020531,0,698928,0,,215313504,17193.78038,324.6094588
2023-03-02,37020531,0,698928,0,189385794,215313504,17193.78038,324.6094588
2023-03-03,37020531,0,698928,0,189393744,215313504,17193.78038,324.6094588
2023-03-04,37020531,0,698928,0,189394362,215313504,17193.78038,324.6094588
2023-03-05,37076053,55522,699276,348,189394389,215313504,17219.56696,324.7710836
2023-03-06,37076053,0,699276,0,,215313504,17219.56696,324.7710836
2023-03-07,37076053,0,699276,0,189394850,215313504,17219.56696,324.7710836
2023-03-08,37076053,0,699276,0,189395212,215313504,17219.56696,324.7710836
2023-03-09,37076053,0,699276,0,,215313504,17219.56696,324.7710836
2023-03-10,37076053,0,699276,0,189442944,215313504,17219.56696,324.7710836
2023-03-11,37076053,0,699276,0,189553754,215313504,17219.56696,324.7710836
2023-03-12,37085520,9467,699310,34,,215313504,17223.96381,324.7868745
2023-03-13,37085520,0,699310,0,189559262,215313504,17223.96381,324.7868745
2023-03-14,37085520,0,699310,0,189603432,215313504,17223.96381,324.7868745
2023-03-15,37085520,0,699310,0,,215313504,17223.96381,324.7868745
2023-03-16,37085520,0,699310,0,189603842,215313504,17223.96381,324.7868745
2023-03-17,37085520,0,699310,0,,215313504,17223.96381,324.7868745
2023-03-18,37085520,0,699310,0,189628276,215313504,17223.96381,324.7868745
2023-03-19,37145514,59994,699634,324,189628646,215313504,17251.82736,324.9373527
2023-03-20,37145514,0,699634,0,,215313504,17251.82736,324.9373527
2023-03-21,37145514,0,699634,0,189637992,215313504,17251.82736,324.9373527
2023-03-22,37145514,0,699634,0,189643431,215313504,17251.82736,324.9373527
2023-03-23,37145514,0,699634,0,,215313504,17251.82736,324.9373527
2023-03-24,37145514,0,699634,0,,215313504,17251.82736,324.9373527
2023-03-25,37145514,0,699634,0,,215313504,17251.82736,324.9373527
2023-03-26,37204677,59163,699917,283,,215313504,17279.30497,325.068789
2023-03-27,37204677,0,699917,0,,215313504,17279.30497,325.068789
2023-03-28,37204677,0,699917,0,,215313504,17279.30497,325.068789
2023-03-29,37204677,0,699917,0,,215313504,17279.30497,325.068789
2023-03-30,37204677,0,699917,0,,215313504,17279.30497,325.068789
2023-03-31,37204677,0,699917,0,,215313504,17279.30497,325.068789
2023-04-01,37204677,0,699917,0,,215313504,17279.30497,325.068789
2023-04-02,37258663,53986,700239,322,,215313504,17304.37818,325.2183384
2023-04-03,37258663,0,700239,0,,215313504,17304.37818,325.2183384
2023-04-04,37258663,0,700239,0,,215313504,17304.37818,325.2183384
2023-04-05,37258663,0,700239,0,,215313504,17304.37818,325.2183384
2023-04-06,37258663,0,700239,0,,215313504,17304.37818,325.2183384
2023-04-07,37258663,0,700239,0,,215313504,17304.37818,325.2183384
2023-04-08,37258663,0,700239,0,,215313504,17304.37818,325.2183384
2023-04-09,37319254,60591,700556,317,,215313504,17332.519,325.3655656
2023-04-10,37319254,0,700556,0,,215313504,17332.519,325.3655656
2023-04-11,37319254,0,700556,0,,215313504,17332.519,325.3655656
2023-04-12,37319254,0,700556,0,,215313504,17332.519,325.3655656
2023-04-13,37319254,0,700556,0,,215313504,17332.519,325.3655656
2023-04-14,37319254,0,700556,0,,215313504,17332.519,325.3655656
2023-04-15,37319254,0,700556,0,,215313504,17332.519,325.3655656
2023-04-16,37358092,38838,700811,255,,215313504,17350.55689,325.4839975
2023-04-17,37358092,0,700811,0,,215313504,17350.55689,325.4839975
2023-04-18,37358092,0,700811,0,,215313504,17350.55689,325.4839975
2023-04-19,37358092,0,700811,0,,215313504,17350.55689,325.4839975
2023-04-20,37358092,0,700811,0,,215313504,17350.55689,325.4839975
2023-04-21,37358092,0,700811,0,,215313504,17350.55689,325.4839975
2023-04-22,37358092,0,700811,0,,215313504,17350.55689,325.4839975
2023-04-23,37407232,49140,701215,404,,215313504,17373.37942,325.6716309
2023-04-24,37407232,0,701215,0,,215313504,17373.37942,325.6716309
2023-04-25,37407232,0,701215,0,,215313504,17373.37942,325.6716309
2023-04-26,37407232,0,701215,0,,215313504,17373.37942,325.6716309
2023-04-27,37407232,0,701215,0,,215313504,17373.37942,325.6716309
2023-04-28,37407232,0,701215,0,,215313504,17373.37942,325.6716309
2023-04-29,37407232,0,701215,0,,215313504,17373.37942,325.6716309
2023-04-30,37449418,42186,701494,279,,215313504,17392.97225,325.8012094
2023-05-01,37449418,0,701494,0,,215313504,17392.97225,325.8012094
2023-05-02,37449418,0,701494,0,,215313504,17392.97225,325.8012094
2023-05-03,37449418,0,701494,0,,215313504,17392.97225,325.8012094
2023-05-04,37449418,0,701494,0,,215313504,17392.97225,325.8012094
2023-05-05,37449418,0,701494,0,,215313504,17392.97225,325.8012094
2023-05-06,37449418,0,701494,0,,215313504,17392.97225,325.8012094
2023-05-07,37487971,38553,701833,339,,215313504,17410.87777,325.9586542
2023-05-08,37487971,0,701833,0,,215313504,17410.87777,325.9586542
2023-05-09,37487971,0,701833,0,,215313504,17410.87777,325.9586542
2023-05-10,37487971,0,701833,0,,215313504,17410.87777,325.9586542
2023-05-11,37487971,0,701833,0,,215313504,17410.87777,325.9586542
2023-05-12,37487971,0,701833,0,,215313504,17410.87777,325.9586542
2023-05-13,37487971,0,701833,0,,215313504,17410.87777,325.9586542
2023-05-14,37511921,23950,702116,283,,215313504,17422.00108,326.0900905
2023-05-15,37511921,0,702116,0,,215313504,17422.00108,326.0900905
2023-05-16,37511921,0,702116,0,,215313504,17422.00108,326.0900905
2023-05-17,37511921,0,702116,0,,215313504,17422.00108,326.0900905
2023-05-18,37511921,0,702116,0,,215313504,17422.00108,326.0900905
2023-05-19,37511921,0,702116,0,,215313504,17422.00108,326.0900905
2023-05-20,37511921,0,702116,0,,215313504,17422.00108,326.0900905
2023-05-21,37511921,0,702116,0,,215313504,17422.00108,326.0900905
2023-05-22,37511921,0,702116,0,,215313504,17422.00108,326.0900905
2023-05-23,37511921,0,702116,0,,215313504,17422.00108,326.0900905
2023-05-24,37511921,0,702116,0,,215313504,17422.00108,326.0900905
2023-05-25,37511921,0,702116,0,,215313504,17422.00108,326.0900905
2023-05-26,37511921,0,702116,0,,215313504,17422.00108,326.0900905
2023-05-27,37511921,0,702116,0,,215313504,17422.00108,326.0900905
2023-05-28,37511921,0,702116,0,,215313504,17422.00108,326.0900905
2023-05-29,37511921,0,702116,0,,215313504,17422.00108,326.0900905
2023-05-30,37511921,0,702116,0,,215313504,17422.00108,326.0900905
2023-05-31,37511921,0,702116,0,,215313504,17422.00108,326.0900905
2023-06-01,37511921,0,702116,0,,215313504,17422.00108,326.0900905
2023-06-02,37511921,0,702116,0,,215313504,17422.00108,326.0900905
2023-06-03,37511921,0,702116,0,,215313504,17422.00108,326.0900905
2023-06-04,37511921,0,702116,0,,215313504,17422.00108,326.0900905
2023-06-05,37511921,0,702116,0,,215313504,17422.00108,326.0900905
2023-06-06,37511921,0,702116,0,,215313504,17422.00108,326.0900905
2023-06-07,37511921,0,702116,0,,215313504,17422.00108,326.0900905
2023-06-08,37511921,0,702116,0,,215313504,17422.00108,326.0900905
2023-06-09,37511921,0,702116,0,,215313504,17422.00108,326.0900905
2023-06-10,37511921,0,702116,0,,215313504,17422.00108,326.0900905
2023-06-11,37511921,0,702116,0,,215313504,17422.00108,326.0900905
2023-06-12,37511921,0,702116,0,,215313504,17422.00108,326.0900905
2023-06-13,37511921,0,702116,0,,215313504,17422.00108,326.0900905
2023-06-14,37511921,0,702116,0,,215313504,17422.00108,326.0900905
2023-06-15,37511921,0,702116,0,,215313504,17422.00108,326.0900905
2023-06-16,37511921,0,702116,0,,215313504,17422.00108,326.0900905
2023-06-17,37511921,0,702116,0,,215313504,17422.00108,326.0900905
2023-06-18,37511921,0,702116,0,,215313504,17422.00108,326.0900905
2023-06-19,37511921,0,702116,0,,215313504,17422.00108,326.0900905
2023-06-20,37511921,0,702116,0,,215313504,17422.00108,326.0900905
2023-06-21,37511921,0,702116,0,,215313504,17422.00108,326.0900905
2023-06-22,37511921,0,702116,0,,215313504,17422.00108,326.0900905
2023-06-23,37511921,0,702116,0,,215313504,17422.00108,326.0900905
2023-06-24,37511921,0,702116,0,,215313504,17422.00108,326.0900905
2023-06-25,37511921,0,702116,0,,215313504,17422.00108,326.0900905
2023-06-26,37511921,0,702116,0,,215313504,17422.00108,326.0900905
2023-06-27,37511921,0,702116,0,,215313504,17422.00108,326.0900905
2023-06-28,37511921,0,702116,0,,215313504,17422.00108,326.0900905
2023-06-29,37511921,0,702116,0,,215313504,17422.00108,326.0900905
2023-06-30,37511921,0,702116,0,,215313504,17422.00108,326.0900905
2023-07-01,37511921,0,702116,0,,215313504,17422.00108,326.0900905
2023-07-02,37511921,0,702116,0,,215313504,17422.00108,326.0900905
2023-07-03,37511921,0,702116,0,,215313504,17422.00108,326.0900905
2023-07-04,37511921,0,702116,0,,215313504,17422.00108,326.0900905
2023-07-05,37511921,0,702116,0,,215313504,17422.00108,326.0900905
2023-07-06,37511921,0,702116,0,,215313504,17422.00108,326.0900905
2023-07-07,37511921,0,702116,0,,215313504,17422.00108,326.0900905
2023-07-08,37511921,0,702116,0,,215313504,17422.00108,326.0900905
2023-07-09,37511921,0,702116,0,,215313504,17422.00108,326.0900905
2023-07-10,37511921,0,702116,0,,215313504,17422.00108,326.0900905
2023-07-11,37511921,0,702116,0,,215313504,17422.00108,326.0900905
2023-07-12,37511921,0,702116,0,,215313504,17422.00108,326.0900905
2023-07-13,37511921,0,702116,0,,215313504,17422.00108,326.0900905
2023-07-14,37511921,0,702116,0,,215313504,17422.00108,326.0900905
2023-07-15,37511921,0,702116,0,,215313504,17422.00108,326.0900905
2023-07-16,37511921,0,702116,0,,215313504,17422.00108,326.0900905
2023-07-17,37511921,0,702116,0,,215313504,17422.00108,326.0900905
2023-07-18,37511921,0,702116,0,,215313504,17422.00108,326.0900905
2023-07-19,37511921,0,702116,0,,215313504,17422.00108,326.0900905
2023-07-20,37511921,0,702116,0,,215313504,17422.00108,326.0900905
2023-07-21,37511921,0,702116,0,,215313504,17422.00108,326.0900905
2023-07-22,37511921,0,702116,0,,215313504,17422.00108,326.0900905
2023-07-23,37511921,0,702116,0,,215313504,17422.00108,326.0900905
2023-07-24,37511921,0,702116,0,,215313504,17422.00108,326.0900905
2023-07-25,37511921,0,702116,0,,215313504,17422.00108,326.0900905
2023-07-26,37511921,0,702116,0,,215313504,17422.00108,326.0900905
2023-07-27,37511921,0,702116,0,,215313504,17422.00108,326.0900905
2023-07-28,37511921,0,702116,0,,215313504,17422.00108,326.0900905
2023-07-29,37511921,0,702116,0,,215313504,17422.00108,326.0900905
2023-07-30,37511921,0,702116,0,,215313504,17422.00108,326.0900905
2023-07-31,37511921,0,702116,0,,215313504,17422.00108,326.0900905
2023-08-01,37511921,0,702116,0,,215313504,17422.00108,326.0900905
2023-08-02,37511921,0,702116,0,,215313504,17422.00108,326.0900905
2023-08-03,37511921,0,702116,0,,215313504,17422.00108,326.0900905
2023-08-04,37511921,0,702116,0,,215313504,17422.00108,326.0900905
2023-08-05,37511921,0,702116,0,,215313504,17422.00108,326.0900905
2023-08-06,37511921,0,702116,0,,215313504,17422.00108,326.0900905
2023-08-07,37511921,0,702116,0,,215313504,17422.00108,326.0900905
2023-08-08,37511921,0,702116,0,,215313504,17422.00108,326.0900905
2023-08-09,37511921,0,702116,0,,215313504,17422.00108,326.0900905
2023-08-10,37511921,0,702116,0,,215313504,17422.00108,326.0900905
2023-08-11,37511921,0,702116,0,,215313504,17422.00108,326.0900905
2023-08-12,37511921,0,702116,0,,215313504,17422.00108,326.0900905
2023-08-13,37511921,0,702116,0,,215313504,17422.00108,326.0900905
2023-08-14,37511921,0,702116,0,,215313504,17422.00108,326.0900905
2023-08-15,37511921,0,702116,0,,215313504,17422.00108,326.0900905
2023-08-16,37511921,0,702116,0,,215313504,17422.00108,326.0900905
2023-08-17,37511921,0,702116,0,,215313504,17422.00108,326.0900905
2023-08-18,37511921,0,702116,0,,215313504,17422.00108,326.0900905
2023-08-19,37511921,0,702116,0,,215313504,17422.00108,326.0900905
2023-08-20,37511921,0,702116,0,,215313504,17422.00108,326.0900905
2023-08-21,37511921,0,702116,0,,215313504,17422.00108,326.0900905
2023-08-22,37511921,0,702116,0,,215313504,17422.00108,326.0900905
2023-08-23,37511921,0,702116,0,,215313504,17422.00108,326.0900905
2023-08-24,37511921,0,702116,0,,215313504,17422.00108,326.0900905
2023-08-25,37511921,0,702116,0,,215313504,17422.00108,326.0900905
2023-08-26,37511921,0,702116,0,,215313504,17422.00108,326.0900905
2023-08-27,37511921,0,702116,0,,215313504,17422.00108,326.0900905
2023-08-28,37511921,0,702116,0,,215313504,17422.00108,326.0900905
2023-08-29,37511921,0,702116,0,,215313504,17422.00108,326.0900905
2023-08-30,37511921,0,702116,0,,215313504,17422.00108,326.0900905
2023-08-31,37511921,0,702116,0,,215313504,17422.00108,326.0900905
2023-09-01,37511921,0,702116,0,,215313504,17422.00108,326.0900905
2023-09-02,37511921,0,702116,0,,215313504,17422.00108,326.0900905
2023-09-03,37511921,0,702116,0,,215313504,17422.00108,326.0900905
2023-09-04,37511921,0,702116,0,,215313504,17422.00108,326.0900905
2023-09-05,37511921,0,702116,0,,215313504,17422.00108,326.0900905
2023-09-06,37511921,0,702116,0,,215313504,17422.00108,326.0900905
2023-09-07,37511921,0,702116,0,,215313504,17422.00108,326.0900905
2023-09-08,37511921,0,702116,0,,215313504,17422.00108,326.0900905
2023-09-09,37511921,0,702116,0,,215313504,17422.00108,326.0900905
2023-09-10,37511921,0,702116,0,,215313504,17422.00108,326.0900905
2023-09-11,37511921,0,702116,0,,215313504,17422.00108,326.0900905
2023-09-12,37511921,0,702116,0,,215313504,17422.00108,326.0900905
2023-09-13,37511921,0,702116,0,,215313504,17422.00108,326.0900905
2023-09-14,37511921,0,702116,0,,215313504,17422.00108,326.0900905
2023-09-15,37511921,0,702116,0,,215313504,17422.00108,326.0900905
2023-09-16,37511921,0,702116,0,,215313504,17422.00108,326.0900905
2023-09-17,37511921,0,702116,0,,215313504,17422.00108,326.0900905
2023-09-18,37511921,0,702116,0,,215313504,17422.00108,326.0900905
2023-09-19,37511921,0,702116,0,,215313504,17422.00108,326.0900905
2023-09-20,37511921,0,702116,0,,215313504,17422.00108,326.0900905
2023-09-21,37511921,0,702116,0,,215313504,17422.00108,326.0900905
2023-09-22,37511921,0,702116,0,,215313504,17422.00108,326.0900905
2023-09-23,37511921,0,702116,0,,215313504,17422.00108,326.0900905
2023-09-24,37511921,0,702116,0,,215313504,17422.00108,326.0900905
2023-09-25,37511921,0,702116,0,,215313504,17422.00108,326.0900905
2023-09-26,37511921,0,702116,0,,215313504,17422.00108,326.0900905
2023-09-27,37511921,0,702116,0,,215313504,17422.00108,326.0900905
2023-09-28,37511921,0,702116,0,,215313504,17422.00108,326.0900905
2023-09-29,37511921,0,702116,0,,215313504,17422.00108,326.0900905
2023-09-30,37511921,0,702116,0,,215313504,17422.00108,326.0900905
2023-10-01,37511921,0,702116,0,,215313504,17422.00108,326.0900905
2023-10-02,37511921,0,702116,0,,215313504,17422.00108,326.0900905
2023-10-03,37511921,0,702116,0,,215313504,17422.00108,326.0900905
2023-10-04,37511921,0,702116,0,,215313504,17422.00108,326.0900905
2023-10-05,37511921,0,702116,0,,215313504,17422.00108,326.0900905
2023-10-06,37511921,0,702116,0,,215313504,17422.00108,326.0900905
2023-10-07,37511921,0,702116,0,,215313504,17422.00108,326.0900905
2023-10-08,37511921,0,702116,0,,215313504,17422.00108,326.0900905
2023-10-09,37511921,0,702116,0,,215313504,17422.00108,326.0900905
2023-10-10,37511921,0,702116,0,,215313504,17422.00108,326.0900905
2023-10-11,37511921,0,702116,0,,215313504,17422.00108,326.0900905
2023-10-12,37511921,0,702116,0,,215313504,17422.00108,326.0900905
2023-10-13,37511921,0,702116,0,,215313504,17422.00108,326.0900905
2023-10-14,37511921,0,702116,0,,215313504,17422.00108,326.0900905
2023-10-15,37511921,0,702116,0,,215313504,17422.00108,326.0900905
2023-10-16,37511921,0,702116,0,,215313504,17422.00108,326.0900905
2023-10-17,37511921,0,702116,0,,215313504,17422.00108,326.0900905
2023-10-18,37511921,0,702116,0,,215313504,17422.00108,326.0900905
2023-10-19,37511921,0,702116,0,,215313504,17422.00108,326.0900905
2023-10-20,37511921,0,702116,0,,215313504,17422.00108,326.0900905
2023-10-21,37511921,0,702116,0,,215313504,17422.00108,326.0900905
2023-10-22,37511921,0,702116,0,,215313504,17422.00108,326.0900905
2023-10-23,37511921,0,702116,0,,215313504,17422.00108,326.0900905
2023-10-24,37511921,0,702116,0,,215313504,17422.00108,326.0900905
2023-10-25,37511921,0,702116,0,,215313504,17422.00108,326.0900905
2023-10-26,37511921,0,702116,0,,215313504,17422.00108,326.0900905
2023-10-27,37511921,0,702116,0,,215313504,17422.00108,326.0900905
2023-10-28,37511921,0,702116,0,,215313504,17422.00108,326.0900905
2023-10-29,37511921,0,702116,0,,215313504,17422.00108,326.0900905
2023-10-30,37511921,0,702116,0,,215313504,17422.00108,326.0900905
2023-10-31,37511921,0,702116,0,,215313504,17422.00108,326.0900905
2023-11-01,37511921,0,702116,0,,215313504,17422.00108,326.0900905
2023-11-02,37511921,0,702116,0,,215313504,17422.00108,326.0900905
2023-11-03,37511921,0,702116,0,,215313504,17422.00108,326.0900905
2023-11-04,37511921,0,702116,0,,215313504,17422.00108,326.0900905
2023-11-05,37511921,0,702116,0,,215313504,17422.00108,326.0900905
2023-11-06,37511921,0,702116,0,,215313504,17422.00108,326.0900905
2023-11-07,37511921,0,702116,0,,215313504,17422.00108,326.0900905
2023-11-08,37511921,0,702116,0,,215313504,17422.00108,326.0900905
2023-11-09,37511921,0,702116,0,,215313504,17422.00108,326.0900905
2023-11-10,37511921,0,702116,0,,215313504,17422.00108,326.0900905
2023-11-11,37511921,0,702116,0,,215313504,17422.00108,326.0900905
2023-11-12,37511921,0,702116,0,,215313504,17422.00108,326.0900905
2023-11-13,37511921,0,702116,0,,215313504,17422.00108,326.0900905
2023-11-14,37511921,0,702116,0,,215313504,17422.00108,326.0900905
2023-11-15,37511921,0,702116,0,,215313504,17422.00108,326.0900905
2023-11-16,37511921,0,702116,0,,215313504,17422.00108,326.0900905
2023-11-17,37511921,0,702116,0,,215313504,17422.00108,326.0900905
2023-11-18,37511921,0,702116,0,,215313504,17422.00108,326.0900905
2023-11-19,37511921,0,702116,0,,215313504,17422.00108,326.0900905
2023-11-20,37511921,0,702116,0,,215313504,17422.00108,326.0900905
2023-11-21,37511921,0,702116,0,,215313504,17422.00108,326.0900905
2023-11-22,37511921,0,702116,0,,215313504,17422.00108,326.0900905
2023-11-23,37511921,0,702116,0,,215313504,17422.00108,326.0900905
2023-11-24,37511921,0,702116,0,,215313504,17422.00108,326.0900905
2023-11-25,37511921,0,702116,0,,215313504,17422.00108,326.0900905
2023-11-26,37511921,0,702116,0,,215313504,17422.00108,326.0900905
2023-11-27,37511921,0,702116,0,,215313504,17422.00108,326.0900905
2023-11-28,37511921,0,702116,0,,215313504,17422.00108,326.0900905
2023-11-29,37511921,0,702116,0,,215313504,17422.00108,326.0900905
2023-11-30,37511921,0,702116,0,,215313504,17422.00108,326.0900905
2023-12-01,37511921,0,702116,0,,215313504,17422.00108,326.0900905
2023-12-02,37511921,0,702116,0,,215313504,17422.00108,326.0900905
2023-12-03,37511921,0,702116,0,,215313504,17422.00108,326.0900905
2023-12-04,37511921,0,702116,0,,215313504,17422.00108,326.0900905
2023-12-05,37511921,0,702116,0,,215313504,17422.00108,326.0900905
2023-12-06,37511921,0,702116,0,,215313504,17422.00108,326.0900905
2023-12-07,37511921,0,702116,0,,215313504,17422.00108,326.0900905
2023-12-08,37511921,0,702116,0,,215313504,17422.00108,326.0900905
2023-12-09,37511921,0,702116,0,,215313504,17422.00108,326.0900905
2023-12-10,37511921,0,702116,0,,215313504,17422.00108,326.0900905
2023-12-11,37511921,0,702116,0,,215313504,17422.00108,326.0900905
2023-12-12,37511921,0,702116,0,,215313504,17422.00108,326.0900905
2023-12-13,37511921,0,702116,0,,215313504,17422.00108,326.0900905
2023-12-14,37511921,0,702116,0,,215313504,17422.00108,326.0900905
2023-12-15,37511921,0,702116,0,,215313504,17422.00108,326.0900905
2023-12-16,37511921,0,702116,0,,215313504,17422.00108,326.0900905
2023-12-17,37511921,0,702116,0,,215313504,17422.00108,326.0900905
2023-12-18,37511921,0,702116,0,,215313504,17422.00108,326.0900905
2023-12-19,37511921,0,702116,0,,215313504,17422.00108,326.0900905
2023-12-20,37511921,0,702116,0,,215313504,17422.00108,326.0900905
2023-12-21,37511921,0,702116,0,,215313504,17422.00108,326.0900905
2023-12-22,37511921,0,702116,0,,215313504,17422.00108,326.0900905
2023-12-23,37511921,0,702116,0,,215313504,17422.00108,326.0900905
2023-12-24,37511921,0,702116,0,,215313504,17422.00108,326.0900905
2023-12-25,37511921,0,702116,0,,215313504,17422.00108,326.0900905
2023-12-26,37511921,0,702116,0,,215313504,17422.00108,326.0900905
2023-12-27,37511921,0,702116,0,,215313504,17422.00108,326.0900905
2023-12-28,37511921,0,702116,0,,215313504,17422.00108,326.0900905
2023-12-29,37511921,0,702116,0,,215313504,17422.00108,326.0900905
2023-12-30,37511921,0,702116,0,,215313504,17422.00108,326.0900905
2023-12-31,37511921,0,702116,0,,215313504,17422.00108,326.0900905
2024-01-01,37511921,0,702116,0,,215313504,17422.00108,326.0900905
2024-01-02,37511921,0,702116,0,,215313504,17422.00108,326.0900905
2024-01-03,37511921,0,702116,0,,215313504,17422.00108,326.0900905
2024-01-04,37511921,0,702116,0,,215313504,17422.00108,326.0900905
2024-01-05,37511921,0,702116,0,,215313504,17422.00108,326.0900905
2024-01-06,37511921,0,702116,0,,215313504,17422.00108,326.0900905
2024-01-07,37511921,0,702116,0,,215313504,17422.00108,326.0900905
2024-01-08,37511921,0,702116,0,,215313504,17422.00108,326.0900905
2024-01-09,37511921,0,702116,0,,215313504,17422.00108,326.0900905
2024-01-10,37511921,0,702116,0,,215313504,17422.00108,326.0900905
2024-01-11,37511921,0,702116,0,,215313504,17422.00108,326.0900905
2024-01-12,37511921,0,702116,0,,215313504,17422.00108,326.0900905
2024-01-13,37511921,0,702116,0,,215313504,17422.00108,326.0900905
2024-01-14,37511921,0,702116,0,,215313504,17422.00108,326.0900905
2024-01-15,37511921,0,702116,0,,215313504,17422.00108,326.0900905
2024-01-16,37511921,0,702116,0,,215313504,17422.00108,326.0900905
2024-01-17,37511921,0,702116,0,,215313504,17422.00108,326.0900905
2024-01-18,37511921,0,702116,0,,215313504,17422.00108,326.0900905
2024-01-19,37511921,0,702116,0,,215313504,17422.00108,326.0900905
2024-01-20,37511921,0,702116,0,,215313504,17422.00108,326.0900905
2024-01-21,37511921,0,702116,0,,215313504,17422.00108,326.0900905
2024-01-22,37511921,0,702116,0,,215313504,17422.00108,326.0900905
2024-01-23,37511921,0,702116,0,,215313504,17422.00108,326.0900905
2024-01-24,37511921,0,702116,0,,215313504,17422.00108,326.0900905
2024-01-25,37511921,0,702116,0,,215313504,17422.00108,326.0900905
2024-01-26,37511921,0,702116,0,,215313504,17422.00108,326.0900905
2024-01-27,37511921,0,702116,0,,215313504,17422.00108,326.0900905
2024-01-28,37511921,0,702116,0,,215313504,17422.00108,326.0900905
2024-01-29,37511921,0,702116,0,,215313504,17422.00108,326.0900905
2024-01-30,37511921,0,702116,0,,215313504,17422.00108,326.0900905
2024-01-31,37511921,0,702116,0,,215313504,17422.00108,326.0900905
2024-02-01,37511921,0,702116,0,,215313504,17422.00108,326.0900905
2024-02-02,37511921,0,702116,0,,215313504,17422.00108,326.0900905
2024-02-03,37511921,0,702116,0,,215313504,17422.00108,326.0900905
2024-02-04,37511921,0,702116,0,,215313504,17422.00108,326.0900905
2024-02-05,37511921,0,702116,0,,215313504,17422.00108,326.0900905
2024-02-06,37511921,0,702116,0,,215313504,17422.00108,326.0900905
2024-02-07,37511921,0,702116,0,,215313504,17422.00108,326.0900905
2024-02-08,37511921,0,702116,0,,215313504,17422.00108,326.0900905
2024-02-09,37511921,0,702116,0,,215313504,17422.00108,326.0900905
2024-02-10,37511921,0,702116,0,,215313504,17422.00108,326.0900905
2024-02-11,37511921,0,702116,0,,215313504,17422.00108,326.0900905
2024-02-12,37511921,0,702116,0,,215313504,17422.00108,326.0900905
2024-02-13,37511921,0,702116,0,,215313504,17422.00108,326.0900905
2024-02-14,37511921,0,702116,0,,215313504,17422.00108,326.0900905
2024-02-15,37511921,0,702116,0,,215313504,17422.00108,326.0900905
2024-02-16,37511921,0,702116,0,,215313504,17422.00108,326.0900905
2024-02-17,37511921,0,702116,0,,215313504,17422.00108,326.0900905
2024-02-18,37511921,0,702116,0,,215313504,17422.00108,326.0900905
2024-02-19,37511921,0,702116,0,,215313504,17422.00108,326.0900905
2024-02-20,37511921,0,702116,0,,215313504,17422.00108,326.0900905
2024-02-21,37511921,0,702116,0,,215313504,17422.00108,326.0900905
2024-02-22,37511921,0,702116,0,,215313504,17422.00108,326.0900905
2024-02-23,37511921,0,702116,0,,215313504,17422.00108,326.0900905
2024-02-24,37511921,0,702116,0,,215313504,17422.00108,326.0900905
2024-02-25,37511921,0,702116,0,,215313504,17422.00108,326.0900905
2024-02-26,37511921,0,702116,0,,215313504,17422.00108,326.0900905
2024-02-27,37511921,0,702116,0,,215313504,17422.00108,326.0900905
2024-02-28,37511921,0,702116,0,,215313504,17422.00108,326.0900905
2024-02-29,37511921,0,702116,0,,215313504,17422.00108,326.0900905
2024-03-01,37511921,0,702116,0,,215313504,17422.00108,326.0900905
2024-03-02,37511921,0,702116,0,,215313504,17422.00108,326.0900905
2024-03-03,37511921,0,702116,0,,215313504,17422.00108,326.0900905
2024-03-04,37511921,0,702116,0,,215313504,17422.00108,326.0900905
2024-03-05,37511921,0,702116,0,,215313504,17422.00108,326.0900905
2024-03-06,37511921,0,702116,0,,215313504,17422.00108,326.0900905
2024-03-07,37511921,0,702116,0,,215313504,17422.00108,326.0900905
2024-03-08,37511921,0,702116,0,,215313504,17422.00108,326.0900905
2024-03-09,37511921,0,702116,0,,215313504,17422.00108,326.0900905
2024-03-10,37511921,0,702116,0,,215313504,17422.00108,326.0900905
2024-03-11,37511921,0,702116,0,,215313504,17422.00108,326.0900905
2024-03-12,37511921,0,702116,0,,215313504,17422.00108,326.0900905
2024-03-13,37511921,0,702116,0,,215313504,17422.00108,326.0900905
2024-03-14,37511921,0,702116,0,,215313504,17422.00108,326.0900905
2024-03-15,37511921,0,702116,0,,215313504,17422.00108,326.0900905
2024-03-16,37511921,0,702116,0,,215313504,17422.00108,326.0900905
2024-03-17,37511921,0,702116,0,,215313504,17422.00108,326.0900905
2024-03-18,37511921,0,702116,0,,215313504,17422.00108,326.0900905
2024-03-19,37511921,0,702116,0,,215313504,17422.00108,326.0900905
2024-03-20,37511921,0,702116,0,,215313504,17422.00108,326.0900905
2024-03-21,37511921,0,702116,0,,215313504,17422.00108,326.0900905
2024-03-22,37511921,0,702116,0,,215313504,17422.00108,326.0900905
2024-03-23,37511921,0,702116,0,,215313504,17422.00108,326.0900905
2024-03-24,37511921,0,702116,0,,215313504,17422.00108,326.0900905
2024-03-25,37511921,0,702116,0,,215313504,17422.00108,326.0900905
2024-03-26,37511921,0,702116,0,,215313504,17422.00108,326.0900905
2024-03-27,37511921,0,702116,0,,215313504,17422.00108,326.0900905
2024-03-28,37511921,0,702116,0,,215313504,17422.00108,326.0900905
2024-03-29,37511921,0,702116,0,,215313504,17422.00108,326.0900905
2024-03-30,37511921,0,702116,0,,215313504,17422.00108,326.0900905
2024-03-31,37511921,0,702116,0,,215313504,17422.00108,326.0900905
2024-04-01,37511921,0,702116,0,,215313504,17422.00108,326.0900905
2024-04-02,37511921,0,702116,0,,215313504,17422.00108,326.0900905
2024-04-03,37511921,0,702116,0,,215313504,17422.00108,326.0900905
2024-04-04,37511921,0,702116,0,,215313504,17422.00108,326.0900905
2024-04-05,37511921,0,702116,0,,215313504,17422.00108,326.0900905
2024-04-06,37511921,0,702116,0,,215313504,17422.00108,326.0900905
2024-04-07,37511921,0,702116,0,,215313504,17422.00108,326.0900905
2024-04-08,37511921,0,702116,0,,215313504,17422.00108,326.0900905
2024-04-09,37511921,0,702116,0,,215313504,17422.00108,326.0900905
2024-04-10,37511921,0,702116,0,,215313504,17422.00108,326.0900905
2024-04-11,37511921,0,702116,0,,215313504,17422.00108,326.0900905
2024-04-12,37511921,0,702116,0,,215313504,17422.00108,326.0900905
2024-04-13,37511921,0,702116,0,,215313504,17422.00108,326.0900905
2024-04-14,37511921,0,702116,0,,215313504,17422.00108,326.0900905
2024-04-15,37511921,0,702116,0,,215313504,17422.00108,326.0900905
2024-04-16,37511921,0,702116,0,,215313504,17422.00108,326.0900905
2024-04-17,37511921,0,702116,0,,215313504,17422.00108,326.0900905
2024-04-18,37511921,0,702116,0,,215313504,17422.00108,326.0900905
2024-04-19,37511921,0,702116,0,,215313504,17422.00108,326.0900905
2024-04-20,37511921,0,702116,0,,215313504,17422.00108,326.0900905
2024-04-21,37511921,0,702116,0,,215313504,17422.00108,326.0900905
2024-04-22,37511921,0,702116,0,,215313504,17422.00108,326.0900905
2024-04-23,37511921,0,702116,0,,215313504,17422.00108,326.0900905
2024-04-24,37511921,0,702116,0,,215313504,17422.00108,326.0900905
2024-04-25,37511921,0,702116,0,,215313504,17422.00108,326.0900905
2024-04-26,37511921,0,702116,0,,215313504,17422.00108,326.0900905
2024-04-27,37511921,0,702116,0,,215313504,17422.00108,326.0900905
2024-04-28,37511921,0,702116,0,,215313504,17422.00108,326.0900905
2024-04-29,37511921,0,702116,0,,215313504,17422.00108,326.0900905
2024-04-30,37511921,0,702116,0,,215313504,17422.00108,326.0900905
2024-05-01,37511921,0,702116,0,,215313504,17422.00108,326.0900905
2024-05-02,37511921,0,702116,0,,215313504,17422.00108,326.0900905
2024-05-03,37511921,0,702116,0,,215313504,17422.00108,326.0900905
2024-05-04,37511921,0,702116,0,,215313504,17422.00108,326.0900905
2024-05-05,37511921,0,702116,0,,215313504,17422.00108,326.0900905
2024-05-06,37511921,0,702116,0,,215313504,17422.00108,326.0900905
2024-05-07,37511921,0,702116,0,,215313504,17422.00108,326.0900905
2024-05-08,37511921,0,702116,0,,215313504,17422.00108,326.0900905
2024-05-09,37511921,0,702116,0,,215313504,17422.00108,326.0900905
2024-05-10,37511921,0,702116,0,,215313504,17422.00108,326.0900905
2024-05-11,37511921,0,702116,0,,215313504,17422.00108,326.0900905
2024-05-12,37511921,0,702116,0,,215313504,17422.00108,326.0900905
2024-05-13,37511921,0,702116,0,,215313504,17422.00108,326.0900905
2024-05-14,37511921,0,702116,0,,215313504,17422.00108,326.0900905
2024-05-15,37511921,0,702116,0,,215313504,17422.00108,326.0900905
2024-05-16,37511921,0,702116,0,,215313504,17422.00108,326.0900905
2024-05-17,37511921,0,702116,0,,215313504,17422.00108,326.0900905
2024-05-18,37511921,0,702116,0,,215313504,17422.00108,326.0900905
2024-05-19,37511921,0,702116,0,,215313504,17422.00108,326.0900905
2024-05-20,37511921,0,702116,0,,215313504,17422.00108,326.0900905
2024-05-21,37511921,0,702116,0,,215313504,17422.00108,326.0900905
2024-05-22,37511921,0,702116,0,,215313504,17422.00108,326.0900905
2024-05-23,37511921,0,702116,0,,215313504,17422.00108,326.0900905
2024-05-24,37511921,0,702116,0,,215313504,17422.00108,326.0900905
2024-05-25,37511921,0,702116,0,,215313504,17422.00108,326.0900905
2024-05-26,37511921,0,702116,0,,215313504,17422.00108,326.0900905
2024-05-27,37511921,0,702116,0,,215313504,17422.00108,326.0900905
2024-05-28,37511921,0,702116,0,,215313504,17422.00108,326.0900905
2024-05-29,37511921,0,702116,0,,215313504,17422.00108,326.0900905
2024-05-30,37511921,0,702116,0,,215313504,17422.00108,326.0900905
2024-05-31,37511921,0,702116,0,,215313504,17422.00108,326.0900905
2024-06-01,37511921,0,702116,0,,215313504,17422.00108,326.0900905
2024-06-02,37511921,0,702116,0,,215313504,17422.00108,326.0900905
2024-06-03,37511921,0,702116,0,,215313504,17422.00108,326.0900905
2024-06-04,37511921,0,702116,0,,215313504,17422.00108,326.0900905
2024-06-05,37511921,0,702116,0,,215313504,17422.00108,326.0900905
2024-06-06,37511921,0,702116,0,,215313504,17422.00108,326.0900905
2024-06-07,37511921,0,702116,0,,215313504,17422.00108,326.0900905
2024-06-08,37511921,0,702116,0,,215313504,17422.00108,326.0900905
2024-06-09,37511921,0,702116,0,,215313504,17422.00108,326.0900905
2024-06-10,37511921,0,702116,0,,215313504,17422.00108,326.0900905
2024-06-11,37511921,0,702116,0,,215313504,17422.00108,326.0900905
2024-06-12,37511921,0,702116,0,,215313504,17422.00108,326.0900905
2024-06-13,37511921,0,702116,0,,215313504,17422.00108,326.0900905
2024-06-14,37511921,0,702116,0,,215313504,17422.00108,326.0900905
2024-06-15,37511921,0,702116,0,,215313504,17422.00108,326.0900905
2024-06-16,37511921,0,702116,0,,215313504,17422.00108,326.0900905
2024-06-17,37511921,0,702116,0,,215313504,17422.00108,326.0900905
2024-06-18,37511921,0,702116,0,,215313504,17422.00108,326.0900905
2024-06-19,37511921,0,702116,0,,215313504,17422.00108,326.0900905
2024-06-20,37511921,0,702116,0,,215313504,17422.00108,326.0900905
2024-06-21,37511921,0,702116,0,,215313504,17422.00108,326.0900905
2024-06-22,37511921,0,702116,0,,215313504,17422.00108,326.0900905
2024-06-23,37511921,0,702116,0,,215313504,17422.00108,326.0900905
2024-06-24,37511921,0,702116,0,,215313504,17422.00108,326.0900905
2024-06-25,37511921,0,702116,0,,215313504,17422.00108,326.0900905
2024-06-26,37511921,0,702116,0,,215313504,17422.00108,326.0900905
2024-06-27,37511921,0,702116,0,,215313504,17422.00108,326.0900905
2024-06-28,37511921,0,702116,0,,215313504,17422.00108,326.0900905
2024-06-29,37511921,0,702116,0,,215313504,17422.00108,326.0900905
2024-06-30,37511921,0,702116,0,,215313504,17422.00108,326.0900905
2024-07-01,37511921,0,702116,0,,215313504,17422.00108,326.0900905
2024-07-02,37511921,0,702116,0,,215313504,17422.00108,326.0900905
2024-07-03,37511921,0,702116,0,,215313504,17422.00108,326.0900905
2024-07-04,37511921,0,702116,0,,215313504,17422.00108,326.0900905
2024-07-05,37511921,0,702116,0,,215313504,17422.00108,326.0900905
2024-07-06,37511921,0,702116,0,,215313504,17422.00108,326.0900905
2024-07-07,37511921,0,702116,0,,215313504,17422.00108,326.0900905
2024-07-08,37511921,0,702116,0,,215313504,17422.00108,326.0900905
2024-07-09,37511921,0,702116,0,,215313504,17422.00108,326.0900905
2024-07-10,37511921,0,702116,0,,215313504,17422.00108,326.0900905
2024-07-11,37511921,0,702116,0,,215313504,17422.00108,326.0900905
2024-07-12,37511921,0,702116,0,,215313504,17422.00108,326.0900905
2024-07-13,37511921,0,702116,0,,215313504,17422.00108,326.0900905
2024-07-14,37511921,0,702116,0,,215313504,17422.00108,326.0900905
2024-07-15,37511921,0,702116,0,,215313504,17422.00108,326.0900905
2024-07-16,37511921,0,702116,0,,215313504,17422.00108,326.0900905
2024-07-17,37511921,0,702116,0,,215313504,17422.00108,326.0900905
2024-07-18,37511921,0,702116,0,,215313504,17422.00108,326.0900905
2024-07-19,37511921,0,702116,0,,215313504,17422.00108,326.0900905
2024-07-20,37511921,0,702116,0,,215313504,17422.00108,326.0900905
2024-07-21,37511921,0,702116,0,,215313504,17422.00108,326.0900905
2024-07-22,37511921,0,702116,0,,215313504,17422.00108,326.0900905
2024-07-23,37511921,0,702116,0,,215313504,17422.00108,326.0900905
2024-07-24,37511921,0,702116,0,,215313504,17422.00108,326.0900905
2024-07-25,37511921,0,702116,0,,215313504,17422.00108,326.0900905
2024-07-26,37511921,0,702116,0,,215313504,17422.00108,326.0900905
2024-07-27,37511921,0,702116,0,,215313504,17422.00108,326.0900905
2024-07-28,37511921,0,702116,0,,215313504,17422.00108,326.0900905
2024-07-29,37511921,0,702116,0,,215313504,17422.00108,326.0900905
2024-07-30,37511921,0,702116,0,,215313504,17422.00108,326.0900905
2024-07-31,37511921,0,702116,0,,215313504,17422.00108,326.0900905
2024-08-01,37511921,0,702116,0,,215313504,17422.00108,326.0900905
2024-08-02,37511921,0,702116,0,,215313504,17422.00108,326.0900905
2024-08-03,37511921,0,702116,0,,215313504,17422.00108,326.0900905
2024-08-04,37511921,0,702116,0,,215313504,17422.00108,326.0900905